8.180680000000000618e+00,1.716839999999999922e+00,-1.776559999999999917e+00,3.110129999999999768e+02,-8.814579999999999416e+00,1.236010000000000053e+00,-5.104260000000000019e+00,3.110129999999999768e+02
3.513040000000000163e+00,-8.164770000000000749e+00,-3.055769999999999875e+00,3.848690000000000282e+02,-2.002909999999999968e+00,8.348100000000000520e+00,-2.964900000000000091e+00,3.848690000000000282e+02
-4.522090000000000387e+00,-7.426689999999999792e+00,4.022569999999999757e-01,3.327900000000000091e+03,3.216590000000000060e+00,7.559890000000000221e+00,-4.258409999999999584e+00,3.327900000000000091e+03
1.936180000000000012e+00,7.951819999999999666e+00,-3.840009999999999923e+00,3.682780000000000200e+03,-2.207679999999999865e+00,-8.699170000000000513e+00,-1.530520000000000103e+00,3.682780000000000200e+03
-3.989310000000000134e+00,7.563889999999999780e+00,-3.941409999999999858e+00,4.092480000000000018e+03,6.905979999999999563e+00,-5.503510000000000346e+00,-1.719270000000000076e+00,4.092480000000000018e+03
6.341949999999999754e+00,5.827379999999999782e+00,-3.469160000000000021e+00,4.429840000000000146e+03,-7.149339999999999584e+00,-4.330659999999999954e+00,-2.248930000000000096e+00,4.429840000000000146e+03
8.757500000000000284e+00,-7.637859999999999649e-01,-1.891780000000000017e+00,6.656449999999999818e+03,-7.400240000000000151e+00,4.512669999999999959e+00,-4.152370000000000339e+00,6.656449999999999818e+03
-8.213639999999999830e+00,2.918800000000000061e+00,-5.535669999999999646e+00,8.577719999999999345e+03,8.423450000000000770e+00,9.046100000000000252e-01,-9.034450000000000536e-01,8.577719999999999345e+03
7.540499999999999758e+00,4.781699999999999839e+00,-7.791639999999999677e-01,8.997870000000000800e+03,-7.036089999999999733e+00,-4.539159999999999862e+00,-5.447650000000000325e+00,8.997870000000000800e+03
6.775249999999999773e+00,-5.789139999999999731e+00,-1.816410000000000080e+00,1.003039999999999964e+04,-3.401670000000000194e+00,7.738360000000000127e+00,-3.676320000000000032e+00,1.003039999999999964e+04
-1.204360000000000097e+00,8.164770000000000749e+00,-5.276609999999999800e+00,1.139660000000000036e+04,5.055710000000000370e+00,-7.036380000000000301e+00,-2.298499999999999988e-01,1.139660000000000036e+04
9.045389999999999819e-01,8.292360000000000397e+00,-6.114329999999999821e+00,1.286689999999999964e+04,2.417260000000000186e+00,-8.631119999999999237e+00,1.414779999999999927e+00,1.286689999999999964e+04
8.171049999999999258e+00,-5.120620000000000172e-01,-1.517090000000000050e+00,1.294470000000000073e+04,-8.094749999999999446e+00,1.578200000000000047e+00,-5.531909999999999883e+00,1.294470000000000073e+04
-6.053930000000000256e+00,-5.632119999999999571e+00,4.476600000000000357e+00,1.341150000000000000e+04,5.882369999999999877e+00,5.737800000000000011e+00,-4.549879999999999924e+00,1.341150000000000000e+04
6.112059999999999604e+00,-6.249959999999999738e+00,1.337980000000000003e-01,1.434179999999999927e+04,-2.781309999999999949e+00,8.091129999999999711e+00,-6.224359999999999893e+00,1.434179999999999927e+04
8.201129999999999143e+00,-8.610430000000000028e-01,-2.216079999999999828e+00,1.481460000000000036e+04,-8.965830000000000410e+00,1.212539999999999951e+00,-2.209060000000000024e+00,1.481460000000000036e+04
7.973099999999999632e+00,-3.006470000000000198e+00,-2.692330000000000112e+00,1.598450000000000000e+04,-7.852640000000000065e+00,4.246459999999999901e+00,-2.774890000000000079e+00,1.598450000000000000e+04
7.993619999999999948e+00,-2.422950000000000159e+00,-5.837410000000000210e+00,1.616370000000000073e+04,-7.705940000000000012e+00,3.230090000000000128e+00,2.294350000000000112e+00,1.616370000000000073e+04
6.640889999999999738e+00,-5.710359999999999658e+00,-6.158859999999999779e+00,1.622629999999999927e+04,-3.641070000000000029e+00,7.326430000000000220e+00,2.578320000000000167e+00,1.622629999999999927e+04
7.430489999999999817e+00,-3.216349999999999820e+00,-1.957659999999999956e+00,1.686800000000000000e+04,-7.171170000000000044e+00,3.759549999999999947e+00,-2.895579999999999821e+00,1.686800000000000000e+04
1.989910000000000068e+00,-8.038309999999999178e+00,-1.676479999999999970e+00,2.031390000000000146e+04,1.406760000000000010e+00,9.025909999999999656e+00,-3.764810000000000212e+00,2.031390000000000146e+04
-2.836679999999999757e-01,8.334949999999999193e+00,-1.368360000000000021e+00,2.117079999999999927e+04,2.141690000000000094e+00,-8.331360000000000099e+00,-2.924650000000000194e+00,2.117079999999999927e+04
-3.147650000000000059e+00,-8.324450000000000571e+00,-3.580659999999999954e+00,2.490140000000000146e+04,5.968479999999999563e+00,5.763379999999999725e+00,-5.772599999999999953e-01,2.490140000000000146e+04
-8.903799999999999493e-01,-8.443390000000000839e+00,-4.736419999999999852e+00,2.660250000000000000e+04,3.321359999999999868e+00,7.744629999999999903e+00,1.493319999999999981e+00,2.660250000000000000e+04
5.278979999999999784e+00,-6.238269999999999982e+00,-1.370619999999999949e+00,2.707700000000000000e+04,-6.930509999999999948e+00,4.455390000000000406e+00,-4.489180000000000170e+00,2.707700000000000000e+04
-5.830300000000000260e+00,-5.595449999999999591e+00,-1.803039999999999976e+00,2.712920000000000073e+04,8.619719999999999160e+00,-2.327690000000000037e+00,-4.882489999999999775e+00,2.712920000000000073e+04
3.413710000000000022e+00,7.586579999999999657e+00,3.424459999999999837e+00,2.807379999999999927e+04,-1.719910000000000050e+00,-8.142910000000000537e+00,-6.286609999999999587e+00,2.807379999999999927e+04
2.844409999999999883e+00,-7.898259999999999614e+00,-4.028640000000000221e+00,2.835600000000000000e+04,-7.320479999999999876e+00,-3.753649999999999931e+00,-5.025360000000000049e+00,2.835600000000000000e+04
-6.282239999999999824e+00,-5.715180000000000149e+00,-2.840440000000000076e+00,3.005240000000000146e+04,8.164239999999999498e+00,3.244380000000000042e+00,-1.584619999999999918e+00,3.005240000000000146e+04
-5.632939999999999614e+00,6.120000000000000107e+00,-2.513590000000000213e+00,3.019000000000000000e+04,9.713859999999999717e-01,-9.041000000000000369e+00,-2.267259999999999831e+00,3.019000000000000000e+04
-8.114530000000000243e+00,-6.228979999999999517e-01,2.593449999999999811e+00,3.146259999999999854e+04,8.349190000000000111e+00,2.634529999999999816e+00,-3.985580000000000123e+00,3.146259999999999854e+04
-8.571149999999999380e+00,1.030129999999999990e+00,1.979419999999999957e+00,3.159350000000000000e+04,7.279010000000000424e+00,-4.183099999999999596e+00,-5.861489999999999867e+00,3.159350000000000000e+04
-8.119699999999999918e+00,-8.452269999999999506e-01,-5.514330000000000176e+00,3.201409999999999854e+04,8.213190000000000879e+00,-3.013790000000000191e+00,5.687130000000000241e-01,3.201409999999999854e+04
-7.424280000000000435e+00,3.752260000000000151e+00,-4.834570000000000256e+00,3.263550000000000000e+04,6.025150000000000006e+00,-5.772960000000000313e+00,7.458609999999999962e-01,3.263550000000000000e+04
-7.569810000000000372e+00,-2.841720000000000024e+00,-2.086259999999999781e+00,3.275740000000000146e+04,8.588960000000000150e+00,-7.998760000000000314e-01,-2.895820000000000061e+00,3.275740000000000146e+04
-7.335849999999999760e+00,-3.610289999999999999e+00,-3.018910000000000204e-01,3.321300000000000000e+04,8.569589999999999819e+00,1.137340000000000018e+00,-5.396770000000000067e+00,3.321300000000000000e+04
8.233660000000000423e+00,-1.052210000000000090e+00,-5.756990000000000052e+00,3.328200000000000000e+04,-7.186860000000000248e+00,4.227879999999999860e+00,-6.058399999999999785e+00,3.328200000000000000e+04
-3.023879999999999901e-01,8.995210000000000150e+00,4.405479999999999952e-01,3.378409999999999854e+04,-1.065730000000000066e+00,-8.830289999999999750e+00,-3.881460000000000132e+00,3.378409999999999854e+04
-4.276440000000000241e-01,8.722319999999999851e+00,-5.576780000000000292e+00,3.471119999999999709e+04,-2.820120000000000182e+00,-8.215820000000000789e+00,2.991490000000000204e+00,3.471119999999999709e+04
-3.406759999999999788e-01,-8.688430000000000319e+00,-5.464920000000000222e+00,3.520900000000000000e+04,4.246469999999999967e-01,8.120380000000000820e+00,-8.767390000000000461e-01,3.520900000000000000e+04
3.126759999999999984e+00,-8.347690000000000055e+00,-3.043079999999999785e+00,3.559369999999999709e+04,-5.840700000000000003e+00,6.006400000000000183e+00,-1.394370000000000109e+00,3.559369999999999709e+04
-3.917779999999999874e-02,-8.576439999999999841e+00,-1.437980000000000036e+00,3.768690000000000146e+04,-2.411340000000000039e+00,7.759409999999999918e+00,-3.934750000000000192e+00,3.768690000000000146e+04
1.310529999999999973e+00,-8.205090000000000217e+00,-3.471620000000000150e+00,3.863319999999999709e+04,-4.721790000000000376e+00,6.872709999999999653e+00,-5.468979999999999952e-01,3.863319999999999709e+04
4.179229999999999556e+00,7.328039999999999665e+00,-3.175510000000000055e+00,3.915669999999999709e+04,-5.199119999999999742e+00,-6.857190000000000119e+00,-1.685400000000000009e+00,3.915669999999999709e+04
-2.983709999999999862e+00,-7.483170000000000321e+00,-5.634870000000000267e+00,3.919830000000000291e+04,-4.090019999999999989e+00,7.078979999999999606e+00,-9.168460000000000498e-01,3.919830000000000291e+04
-8.438179999999999126e+00,-1.355869999999999909e+00,4.327259999999999995e-01,4.283069999999999709e+04,8.081659999999999400e+00,4.189639999999999684e-03,-4.441139999999999866e+00,4.283069999999999709e+04
7.763829999999999565e+00,-2.923960000000000115e+00,2.938320000000000043e+00,4.350750000000000000e+04,-8.549120000000000275e+00,4.450120000000000187e-01,-5.623630000000000351e+00,4.350750000000000000e+04
6.570999999999999730e+00,5.108730000000000437e+00,-6.021659999999999791e+00,4.398780000000000291e+04,-7.172519999999999563e+00,-3.898219999999999796e+00,1.851629999999999943e-01,4.398780000000000291e+04
-8.083790000000000475e+00,1.120440000000000103e+00,-4.640590000000000437e+00,4.480750000000000000e+04,8.095050000000000523e+00,-2.266789999999999861e+00,1.687769999999999992e+00,4.480750000000000000e+04
-4.984890000000000043e+00,7.129900000000000126e+00,-1.643410000000000037e+00,4.492159999999999854e+04,1.398910000000000098e+00,-8.082000000000000739e+00,-2.804390000000000160e+00,4.492159999999999854e+04
7.537370000000000125e+00,3.587279999999999802e+00,-4.340230000000000032e+00,4.516919999999999709e+04,-8.636589999999999989e+00,-2.576410000000000089e+00,-5.856689999999999952e-01,4.516919999999999709e+04
-7.021189999999999820e+00,4.328909999999999592e+00,-5.717699999999999783e+00,4.518369999999999709e+04,4.864359999999999573e+00,-6.713339999999999641e+00,3.447670000000000012e+00,4.518369999999999709e+04
-8.105019999999999669e+00,1.442509999999999959e+00,-6.310979999999999812e+00,4.580369999999999709e+04,8.476520000000000721e+00,-1.574699999999999989e+00,5.830230000000000246e+00,4.580369999999999709e+04
-5.616629999999999789e+00,6.035709999999999908e+00,-3.706529999999999880e+00,4.695909999999999854e+04,3.360240000000000116e+00,-7.395380000000000287e+00,5.612470000000000514e-01,4.695909999999999854e+04
-5.938559999999999839e+00,6.189930000000000376e+00,-2.965269999999999850e+00,5.104230000000000291e+04,4.806449999999999889e+00,-6.735529999999999795e+00,-4.211670000000000136e-01,5.104230000000000291e+04
-1.969249999999999945e+00,7.956290000000000084e+00,-3.018069999999999808e+00,5.127330000000000291e+04,-4.241559999999999775e-01,-8.335480000000000445e+00,-3.585200000000000053e-01,5.127330000000000291e+04
8.576460000000000861e+00,8.082869999999999777e-01,-2.190910000000000135e+00,5.260750000000000000e+04,-8.555509999999999948e+00,1.283719999999999972e+00,-1.913440000000000030e+00,5.260750000000000000e+04
8.711149999999999949e+00,-3.002219999999999889e-01,-1.890160000000000062e+00,5.302890000000000146e+04,-7.046570000000000000e+00,5.032339999999999591e+00,4.426559999999999939e-01,5.302890000000000146e+04
7.432680000000000398e+00,-3.959290000000000198e+00,-4.532540000000000013e+00,5.305530000000000291e+04,-7.756630000000000358e+00,2.714690000000000047e+00,-2.704960000000000142e-01,5.305530000000000291e+04
7.787020000000000053e+00,-4.076539999999999608e+00,6.875200000000000200e-01,5.415019999999999709e+04,-7.100640000000000285e+00,5.275350000000000428e+00,-3.618980000000000086e+00,5.415019999999999709e+04
4.799039999999999750e+00,6.889619999999999855e+00,1.914490000000000081e-01,5.456569999999999709e+04,-7.668350000000000222e+00,-3.284489999999999910e+00,-3.993869999999999809e+00,5.456569999999999709e+04
-7.763060000000000294e+00,-3.297070000000000167e+00,-7.730679999999999774e-01,5.461119999999999709e+04,5.207489999999999952e+00,6.384120000000000239e+00,-3.119260000000000144e+00,5.461119999999999709e+04
-1.160069999999999935e+00,8.377420000000000755e+00,-3.612089999999999801e+00,5.599150000000000000e+04,-3.543019999999999836e+00,-8.164509999999999934e+00,2.663440000000000252e-01,5.599150000000000000e+04
2.368079999999999963e+00,7.806090000000000195e+00,-6.294100000000000250e+00,5.770819999999999709e+04,-4.357380000000000031e+00,-7.058150000000000368e+00,4.213849999999999874e+00,5.770819999999999709e+04
-3.980630000000000113e+00,7.884470000000000312e+00,-8.961240000000000316e-01,5.779080000000000291e+04,4.469909999999999606e+00,-6.935629999999999740e+00,-3.986429999999999918e+00,5.779080000000000291e+04
-2.715339999999999865e+00,7.643979999999999997e+00,-3.666690000000000005e+00,5.821669999999999709e+04,3.470979999999999954e+00,-7.875370000000000203e+00,1.982990000000000030e+00,5.821669999999999709e+04
-5.848670000000000258e+00,6.452700000000000102e+00,-7.158269999999999911e-01,5.856650000000000000e+04,7.241290000000000227e+00,-4.517330000000000290e+00,-2.856930000000000192e+00,5.856650000000000000e+04
-8.707200000000000273e+00,7.774860000000000104e-01,-1.235060000000000047e+00,5.953340000000000146e+04,8.006080000000000751e+00,3.631219999999999892e+00,-2.635139999999999816e+00,5.953340000000000146e+04
7.687350000000000350e+00,2.782939999999999969e+00,-4.572940000000000005e+00,5.963369999999999709e+04,-8.849249999999999616e+00,1.245030000000000081e+00,1.179019999999999957e+00,5.963369999999999709e+04
-5.640209999999999724e+00,5.801009999999999778e+00,-1.516100000000000003e+00,6.036330000000000291e+04,7.980159999999999698e+00,-3.818290000000000184e+00,-2.174900000000000055e+00,6.036330000000000291e+04
5.753849999999999909e+00,5.880390000000000228e+00,1.654649999999999954e+00,6.042519999999999709e+04,-8.057850000000000179e+00,-2.668880000000000141e+00,-5.788190000000000168e+00,6.042519999999999709e+04
-7.701069999999999638e+00,3.392339999999999911e+00,-2.214309999999999889e-02,6.260400000000000000e+04,8.644099999999999895e+00,2.291910000000000058e-01,-3.508890000000000065e+00,6.260400000000000000e+04
5.926759999999999806e+00,6.068120000000000402e+00,8.198739999999999917e-01,6.350930000000000291e+04,-7.223629999999999995e+00,-4.352990000000000137e+00,-5.917300000000000004e+00,6.350930000000000291e+04
-6.958239999999999981e+00,-5.024989999999999846e+00,1.338160000000000016e+00,6.607750000000000000e+04,6.114930000000000199e+00,5.856090000000000018e+00,-4.254229999999999734e+00,6.607750000000000000e+04
5.126789999999999736e+00,-7.213779999999999859e+00,-5.359779999999999767e+00,6.613369999999999709e+04,-1.873550000000000049e+00,8.606609999999999872e+00,1.301390000000000047e+00,6.613369999999999709e+04
-4.446900000000000297e+00,7.137609999999999566e+00,-4.836350000000000371e+00,6.629050000000000000e+04,7.278719999999999857e+00,-4.692309999999999981e+00,5.320209999999999662e-01,6.629050000000000000e+04
8.549720000000000653e+00,1.488010000000000055e+00,-2.007509999999999906e+00,6.758450000000000000e+04,-8.349729999999999208e+00,1.052459999999999951e+00,-3.088850000000000207e-01,6.758450000000000000e+04
-6.358270000000000088e+00,6.065719999999999779e+00,-3.418449999999999989e+00,6.908539999999999418e+04,8.208069999999999311e+00,-2.479459999999999997e+00,5.362689999999999957e-01,6.908539999999999418e+04
-1.208390000000000075e+00,8.055379999999999541e+00,-1.491360000000000019e+00,6.918239999999999418e+04,3.305250000000000021e+00,-7.373170000000000002e+00,2.271609999999999907e+00,6.918239999999999418e+04
2.859100000000000197e+00,8.434359999999999857e+00,-5.475850000000000328e+00,6.976919999999999709e+04,-6.597640000000000449e-02,-8.122769999999999158e+00,1.732339999999999991e+00,6.976919999999999709e+04
8.081540000000000390e+00,-7.450470000000000148e-01,-2.048799999999999955e+00,6.995239999999999418e+04,-8.372199999999999420e+00,3.385349999999999859e+00,-7.035240000000000382e-01,6.995239999999999418e+04
-7.521880000000000344e+00,3.062969999999999970e+00,-1.804219999999999935e+00,7.071550000000000000e+04,8.777509999999999479e+00,-1.529099999999999904e+00,-3.170409999999999950e+00,7.071550000000000000e+04
4.302469999999999573e+00,7.176099999999999923e+00,-2.325919999999999987e+00,7.206230000000000291e+04,-1.295530000000000070e+00,-8.518340000000000245e+00,-4.506070000000000214e-02,7.206230000000000291e+04
8.271020000000000039e+00,2.733500000000000166e-02,-3.785930000000000017e+00,7.431850000000000000e+04,-8.038679999999999382e+00,3.952650000000000219e+00,-1.803260000000000085e+00,7.431850000000000000e+04
4.540210000000000079e-01,8.350649999999999906e+00,-4.164629999999999832e+00,7.449610000000000582e+04,4.397240000000000038e+00,-7.862519999999999953e+00,2.111509999999999998e+00,7.449610000000000582e+04
-2.185020000000000018e-01,8.071649999999999991e+00,-8.484739999999999505e-01,7.540569999999999709e+04,6.574300000000000033e+00,-5.270579999999999821e+00,-9.793760000000000243e-01,7.540569999999999709e+04
1.288459999999999939e+00,8.340329999999999799e+00,3.692120000000000068e+00,7.572680000000000291e+04,-1.879739999999999966e+00,-7.985809999999999853e+00,-4.706389999999999851e+00,7.572680000000000291e+04
1.950029999999999930e+00,7.985360000000000014e+00,-5.910379999999999967e+00,7.573880000000000291e+04,2.600900000000000212e+00,-7.864980000000000082e+00,2.769769999999999843e+00,7.573880000000000291e+04
-8.258330000000000837e+00,-1.950260000000000105e+00,5.631669999999999732e+00,7.590500000000000000e+04,8.447300000000000253e+00,8.285890000000000200e-01,-6.118179999999999730e+00,7.590500000000000000e+04
7.031439999999999912e+00,-5.165440000000000254e+00,-8.419130000000000225e-01,7.595169999999999709e+04,-5.019129999999999647e+00,6.920650000000000190e+00,-2.609789999999999832e+00,7.595169999999999709e+04
2.659250000000000114e+00,8.184150000000000702e+00,-3.666609999999999925e+00,7.648830000000000291e+04,7.896440000000000126e-01,-8.368410000000000792e+00,5.449639999999999596e+00,7.648830000000000291e+04
-6.763569999999999638e+00,-5.896869999999999834e+00,-6.013090000000000046e+00,7.684769999999999709e+04,8.673790000000000333e+00,-1.458900000000000086e+00,1.745710000000000039e-01,7.684769999999999709e+04
-8.236950000000000216e+00,3.249379999999999935e+00,3.238130000000000175e-01,7.698910000000000582e+04,7.854549999999999699e+00,-2.724569999999999936e+00,-2.839609999999999967e+00,7.698910000000000582e+04
2.433850000000000069e+00,8.189980000000000260e+00,-2.164499999999999869e+00,7.835489999999999418e+04,1.312640000000000029e+00,-8.854789999999999495e+00,-6.790030000000000232e-01,7.835489999999999418e+04
-1.212609999999999966e+00,8.313940000000000552e+00,-4.060870000000000424e+00,7.867030000000000291e+04,4.101239999999999775e+00,-7.293980000000000352e+00,4.505020000000000135e-01,7.867030000000000291e+04
1.403229999999999977e+00,-8.124599999999999156e+00,-4.860089999999999577e+00,7.893480000000000291e+04,2.258980000000000210e+00,8.391700000000000159e+00,2.664109999999999978e+00,7.893480000000000291e+04
8.826389999999999958e+00,2.046400000000000219e+00,1.108870000000000022e+00,7.940180000000000291e+04,-7.875820000000000043e+00,-3.620849999999999902e+00,-6.586370000000000280e-01,7.940180000000000291e+04
4.646729999999999805e+00,-7.260989999999999611e+00,-3.257809999999999873e-01,8.065060000000000582e+04,-2.680569999999999897e+00,7.979400000000000048e+00,-2.919690000000000119e+00,8.065060000000000582e+04
7.497160000000000046e+00,-4.648410000000000153e+00,9.589459999999999651e-02,8.078289999999999418e+04,-7.207779999999999632e+00,4.316989999999999661e+00,-3.647619999999999862e+00,8.078289999999999418e+04
-8.456609999999999516e+00,1.464650000000000007e+00,3.078409999999999758e-01,8.093160000000000582e+04,8.224270000000000636e+00,-1.085639999999999938e+00,1.365830000000000100e-01,8.093160000000000582e+04
-4.322569999999999801e+00,-7.388219999999999565e+00,7.641139999999999599e-01,8.227500000000000000e+04,7.450330000000000119e+00,4.011899999999999800e+00,-3.291230000000000100e+00,8.227500000000000000e+04
-5.895719999999999850e+00,-6.423630000000000173e+00,-5.113360000000000127e+00,8.253250000000000000e+04,7.813320000000000043e+00,3.056080000000000130e+00,1.766340000000000021e+00,8.253250000000000000e+04
5.753510000000000346e+00,-5.911999999999999922e+00,-2.635099999999999998e+00,8.253389999999999418e+04,-5.573719999999999786e+00,5.835560000000000080e+00,7.564710000000000045e-01,8.253389999999999418e+04
6.270690000000000097e+00,5.640900000000000247e+00,-1.117969999999999908e+00,8.254410000000000582e+04,-2.543280000000000207e+00,-8.062480000000000757e+00,-1.460069999999999979e+00,8.254410000000000582e+04
-8.117839999999999279e+00,1.378830000000000000e+00,4.918040000000000411e+00,8.342600000000000000e+04,5.206249999999999822e+00,-6.281810000000000116e+00,-6.179560000000000386e+00,8.342600000000000000e+04
4.820210000000000328e+00,7.634789999999999743e+00,-1.061520000000000019e+00,8.429330000000000291e+04,-2.081850000000000200e+00,-8.708199999999999719e+00,-1.687470000000000026e+00,8.429330000000000291e+04
8.416050000000000253e+00,2.046650000000000080e+00,-3.539740000000000109e-01,8.545619999999999709e+04,-6.925740000000000229e+00,-5.786620000000000097e+00,-2.347500000000000142e+00,8.545619999999999709e+04
-7.056230000000000224e+00,5.350900000000000212e+00,2.678119999999999834e+00,8.721960000000000582e+04,6.102520000000000167e+00,-5.896560000000000024e+00,-3.908589999999999787e+00,8.721960000000000582e+04
8.257659999999999556e+00,-8.945359999999999978e-01,-5.923239999999999839e+00,8.771500000000000000e+04,-8.417699999999999960e+00,-1.305199999999999916e+00,-1.119019999999999904e+00,8.771500000000000000e+04
8.064479999999999649e+00,-1.384900000000000020e+00,8.594289999999999985e-01,8.789119999999999709e+04,-7.842550000000000132e+00,-2.627320000000000100e+00,-3.439849999999999852e+00,8.789119999999999709e+04
-3.248870000000000147e+00,-7.608880000000000088e+00,1.543739999999999890e+00,8.810410000000000582e+04,5.964260000000000339e+00,5.981320000000000192e+00,-5.071130000000000138e+00,8.810410000000000582e+04
-4.505040000000000155e+00,-6.921739999999999782e+00,-2.154259999999999842e+00,8.872700000000000000e+04,1.067110000000000003e+00,8.670420000000000016e+00,1.076060000000000016e+00,8.872700000000000000e+04
-5.770749999999999602e+00,-5.849059999999999704e+00,-7.371699999999999919e-01,8.971650000000000000e+04,7.629260000000000375e+00,3.398870000000000058e+00,-1.040450000000000097e+00,8.971650000000000000e+04
8.520880000000000010e+00,2.848269999999999857e+00,-4.970509999999999984e+00,8.989430000000000291e+04,-6.116690000000000182e+00,-5.556869999999999976e+00,1.514019999999999921e+00,8.989430000000000291e+04
-7.374230000000000507e-01,8.867490000000000094e+00,-1.128789999999999932e-01,9.011630000000000291e+04,6.630169999999999675e-01,-8.653169999999999362e+00,-2.154110000000000191e+00,9.011630000000000291e+04
8.343049999999999855e+00,3.312170000000000059e+00,-3.741239999999999899e+00,9.148600000000000000e+04,-6.622670000000000279e+00,-5.843799999999999883e+00,6.983190000000000230e-01,9.148600000000000000e+04
4.880130000000000301e+00,-6.917119999999999713e+00,-1.208769999999999900e+00,9.166300000000000000e+04,-6.981889999999999930e+00,4.296870000000000189e+00,-1.235330000000000039e+00,9.166300000000000000e+04
6.893279999999999852e+00,4.914860000000000007e+00,6.725980000000000292e-01,9.194389999999999418e+04,-5.256540000000000212e+00,-6.497069999999999901e+00,-2.390200000000000102e+00,9.194389999999999418e+04
8.521649999999999281e+00,5.173810000000000214e-02,-1.282690000000000108e+00,9.208169999999999709e+04,-7.938659999999999606e+00,-3.652829999999999799e+00,-7.835199999999999942e-01,9.208169999999999709e+04
-6.933379999999999654e+00,-5.163960000000000328e+00,6.285410000000000164e-01,9.233660000000000582e+04,8.000769999999999271e+00,2.225989999999999913e+00,-3.899939999999999962e+00,9.233660000000000582e+04
7.422839999999999883e+00,-4.046829999999999927e+00,3.027550000000000185e+00,9.265310000000000582e+04,-8.073919999999999320e+00,9.188960000000000461e-01,-4.686480000000000423e+00,9.265310000000000582e+04
-7.474879999999999747e+00,-3.747590000000000199e+00,-1.053950000000000026e-01,9.323069999999999709e+04,8.251749999999999474e+00,9.392409999999999926e-01,-2.684470000000000134e+00,9.323069999999999709e+04
7.585989999999999789e+00,-3.867879999999999985e+00,-5.344039999999999679e+00,9.433950000000000000e+04,-8.818390000000000839e+00,3.215029999999999832e-01,2.283170000000000144e+00,9.433950000000000000e+04
-7.371950000000000003e+00,3.885740000000000194e+00,1.648060000000000080e+00,9.439710000000000582e+04,4.911789999999999878e+00,-6.747300000000000075e+00,-3.080099999999999838e+00,9.439710000000000582e+04
5.640189999999999593e+00,6.352079999999999949e+00,4.234559999999999991e-01,9.459850000000000000e+04,-5.533269999999999911e+00,-6.791240000000000165e+00,1.292780000000000040e+00,9.459850000000000000e+04
-5.284259999999999735e+00,-6.467990000000000350e+00,-4.005259999999999931e-01,9.471730000000000291e+04,6.208529999999999660e+00,5.561759999999999593e+00,-2.132249999999999979e+00,9.471730000000000291e+04
-7.249460000000000015e+00,4.601079999999999615e+00,-3.706519999999999815e+00,9.536410000000000582e+04,4.975249999999999950e+00,-6.892459999999999809e+00,-3.083229999999999915e+00,9.536410000000000582e+04
-2.828089999999999993e+00,-7.609440000000000204e+00,1.666120000000000045e+00,9.547200000000000000e+04,1.854950000000000099e+00,8.088770000000000238e+00,-6.121649999999999814e+00,9.547200000000000000e+04
8.294689999999999230e+00,-1.211119999999999974e+00,-2.028910000000000213e+00,9.567260000000000582e+04,-8.152549999999999741e+00,-1.773020000000000040e+00,-8.187229999999999785e-01,9.567260000000000582e+04
-7.842959999999999710e+00,2.959080000000000155e+00,-1.338500000000000023e+00,9.581730000000000291e+04,5.684000000000000163e+00,-6.351770000000000138e+00,-7.720860000000000500e-01,9.581730000000000291e+04
-4.442359999999999864e+00,-7.502530000000000143e+00,1.540910000000000002e+00,9.612419999999999709e+04,4.182979999999999698e+00,7.913509999999999600e+00,-4.895190000000000374e+00,9.612419999999999709e+04
4.712650000000000006e+00,-7.339719999999999800e+00,-5.149200000000000443e+00,9.619069999999999709e+04,-8.284430000000000405e+00,-1.211989999999999901e+00,-3.508459999999999912e-01,9.619069999999999709e+04
-5.762929999999999886e+00,-6.604899999999999771e+00,-8.160920000000000396e-01,9.653600000000000000e+04,6.386190000000000033e+00,6.146840000000000082e+00,-2.169150000000000134e+00,9.653600000000000000e+04
-7.132410000000000139e+00,-4.473860000000000170e+00,-4.687929999999999708e+00,9.665260000000000582e+04,8.160589999999999122e+00,3.363170000000000215e+00,4.881969999999999921e+00,9.665260000000000582e+04
5.972450000000000259e+00,-5.851420000000000066e+00,2.972220000000000084e+00,9.676339999999999418e+04,-8.206329999999999458e+00,2.937809999999999810e+00,-6.330919999999999881e+00,9.676339999999999418e+04
-4.793129999999999669e+00,6.740879999999999761e+00,2.587650000000000006e+00,9.703319999999999709e+04,1.974760000000000071e+00,-8.374840000000000728e+00,-4.387769999999999726e+00,9.703319999999999709e+04
-3.774630000000000152e+00,-7.850439999999999863e+00,-9.190859999999999586e-01,9.792700000000000000e+04,1.893510000000000026e+00,8.566050000000000608e+00,-1.412230000000000096e+00,9.792700000000000000e+04
3.655380000000000074e+00,8.139329999999999288e+00,1.182560000000000056e+00,9.836169999999999709e+04,-4.669050000000000367e+00,-6.818270000000000053e+00,-2.296769999999999978e+00,9.836169999999999709e+04
7.975799999999999557e+00,-4.109040000000000248e+00,-1.526100000000000012e+00,9.863230000000000291e+04,-8.789859999999999118e+00,2.229290000000000216e+00,-3.207819999999999894e+00,9.863230000000000291e+04
3.534399999999999764e-01,-8.787200000000000344e+00,3.554129999999999789e+00,9.863310000000000582e+04,-3.179199999999999804e+00,7.985409999999999897e+00,-6.355979999999999741e+00,9.863310000000000582e+04
2.545479999999999965e+00,8.056960000000000122e+00,-5.845080000000000275e+00,9.957769999999999709e+04,-1.219379999999999908e+00,-8.713670000000000471e+00,2.015540000000000109e+00,9.957769999999999709e+04
-3.023569999999999869e+00,-8.187960000000000349e+00,8.564969999999999528e-02,1.002830000000000000e+05,-1.795309999999999961e-01,8.171160000000000423e+00,-2.372059999999999835e+00,1.002830000000000000e+05
6.278170000000000250e+00,-6.020809999999999995e+00,-2.135569999999999968e+00,1.013650000000000000e+05,-7.767190000000000261e+00,2.922120000000000051e+00,3.558009999999999784e-01,1.013650000000000000e+05
5.924920000000000186e+00,-5.660389999999999588e+00,2.394070000000000142e+00,1.018570000000000000e+05,-8.191340000000000288e+00,2.629340000000000011e+00,-3.934719999999999995e+00,1.018570000000000000e+05
-7.359930000000000305e+00,-4.512179999999999858e+00,-4.570120000000000182e+00,1.024830000000000000e+05,6.235549999999999926e+00,5.197940000000000005e+00,4.207720000000000127e+00,1.024830000000000000e+05
-5.772400000000000198e+00,-6.479519999999999946e+00,1.290960000000000107e+00,1.029020000000000000e+05,3.488570000000000171e+00,8.052680000000000504e+00,-4.563150000000000261e+00,1.029020000000000000e+05
-3.009770000000000056e+00,8.454549999999999343e+00,2.987620000000000164e+00,1.042690000000000000e+05,-9.643799999999999595e-02,-8.137850000000000250e+00,-4.731659999999999755e+00,1.042690000000000000e+05
-8.455560000000000187e+00,2.001320000000000210e+00,9.797690000000000010e-01,1.042690000000000000e+05,7.494200000000000195e+00,-3.063450000000000006e+00,-3.408999999999999808e+00,1.042690000000000000e+05
7.995169999999999888e+00,-3.773480000000000167e+00,-2.098939999999999806e+00,1.047390000000000000e+05,-7.954349999999999810e+00,2.133220000000000116e+00,-2.387910000000000033e-01,1.047390000000000000e+05
3.929769999999999985e+00,7.925749999999999851e+00,-4.586149999999999949e+00,1.048330000000000000e+05,-6.720159999999999911e+00,-6.008589999999999876e+00,1.961119999999999974e+00,1.048330000000000000e+05
-8.245910000000000295e+00,-8.065250000000000474e-01,-4.179960000000000342e+00,1.050140000000000000e+05,7.782479999999999620e+00,-3.630700000000000038e+00,3.249039999999999928e+00,1.050140000000000000e+05
-8.394529999999999603e+00,3.272460000000000147e+00,2.703139999999999987e-01,1.055410000000000000e+05,7.170370000000000132e+00,-4.081699999999999662e+00,-2.822330000000000005e+00,1.055410000000000000e+05
6.753040000000000376e+00,-5.020400000000000418e+00,4.845760000000000289e+00,1.058090000000000000e+05,-8.327429999999999666e+00,1.999430000000000041e+00,-6.001089999999999591e+00,1.058090000000000000e+05
-6.208470000000000155e+00,6.321480000000000210e+00,-3.551620000000000221e+00,1.064700000000000000e+05,2.962270000000000181e+00,-8.042899999999999494e+00,2.782210000000000072e+00,1.064700000000000000e+05
1.151720000000000077e+00,-8.852100000000000080e+00,-3.593649999999999789e+00,1.067520000000000000e+05,-5.057380000000000209e+00,6.819340000000000401e+00,1.143350000000000088e+00,1.067520000000000000e+05
-6.271709999999999674e+00,6.115770000000000373e+00,1.817860000000000031e+00,1.072750000000000000e+05,4.097439999999999749e+00,-7.118420000000000414e+00,-5.004400000000000404e+00,1.072750000000000000e+05
-8.456680000000000419e+00,1.241400000000000059e+00,-1.967319999999999958e+00,1.074610000000000000e+05,8.923989999999999867e+00,-1.241289999999999928e-02,9.888959999999999972e-01,1.074610000000000000e+05
-5.989410000000000345e+00,-5.996520000000000294e+00,-2.223850000000000104e+00,1.076090000000000000e+05,2.684829999999999828e+00,8.492300000000000182e+00,1.325110000000000010e+00,1.076090000000000000e+05
-7.868669999999999831e+00,-3.902470000000000105e+00,4.924799999999999733e-01,1.082800000000000000e+05,4.581669999999999909e+00,6.938410000000000188e+00,-2.984640000000000182e+00,1.082800000000000000e+05
-2.481049999999999922e-01,8.895770000000000621e+00,-1.394279999999999964e+00,1.086090000000000000e+05,-3.515159999999999840e+00,-7.933440000000000047e+00,-1.788069999999999937e-02,1.086090000000000000e+05
-4.865549999999999820e+00,-6.957580000000000098e+00,-3.634199999999999875e+00,1.088000000000000000e+05,1.195400000000000018e+00,8.835689999999999600e+00,2.240650000000000031e+00,1.088000000000000000e+05
1.929230000000000000e+00,-8.054610000000000269e+00,-3.939830000000000165e+00,1.088550000000000000e+05,-4.185249999999999915e+00,7.224809999999999732e+00,8.145970000000000155e-01,1.088550000000000000e+05
-8.156610000000000582e+00,-1.369779999999999998e+00,1.709930000000000061e-01,1.090910000000000000e+05,8.142839999999999634e+00,6.982350000000000501e-01,-4.281279999999999752e+00,1.090910000000000000e+05
6.363209999999999589e+00,5.498610000000000220e+00,-2.953539999999999832e+00,1.092300000000000000e+05,-8.521250000000000213e+00,-2.989050000000000207e+00,1.061109999999999998e+00,1.092300000000000000e+05
-5.452860000000000262e+00,-6.044439999999999813e+00,3.793070000000000164e+00,1.097240000000000000e+05,2.168299999999999894e+00,8.687889999999999446e+00,-5.832370000000000054e+00,1.097240000000000000e+05
-8.015349999999999753e+00,2.667809999999999793e+00,1.239249999999999963e+00,1.098140000000000000e+05,8.934260000000000090e+00,-1.285230000000000095e+00,-4.341319999999999624e+00,1.098140000000000000e+05
-4.236030000000000406e+00,7.037160000000000082e+00,-1.394370000000000109e+00,1.098400000000000000e+05,2.238170000000000215e+00,-7.833199999999999719e+00,-9.615230000000000166e-01,1.098400000000000000e+05
-7.296669999999999767e+00,5.221260000000000012e+00,-2.195300000000000029e+00,1.105650000000000000e+05,6.660169999999999924e+00,-4.937079999999999913e+00,9.760760000000000547e-01,1.105650000000000000e+05
-8.374879999999999214e+00,-3.744129999999999958e-01,-1.537709999999999910e+00,1.118090000000000000e+05,7.188990000000000435e+00,3.927950000000000053e+00,5.784319999999999462e-01,1.118090000000000000e+05
-7.709620000000000140e+00,-3.718519999999999825e+00,-5.891939999999999955e-01,1.127670000000000000e+05,5.173449999999999882e+00,7.034329999999999750e+00,-1.007030000000000092e+00,1.127670000000000000e+05
-1.362419999999999964e+00,8.814740000000000464e+00,-2.436879999999999935e+00,1.132090000000000000e+05,-1.665389999999999926e-01,-8.903969999999999274e+00,2.038790000000000102e+00,1.132090000000000000e+05
6.728979999999999961e+00,4.855030000000000179e+00,-4.824530000000000207e+00,1.149960000000000000e+05,-8.647289999999999921e+00,-1.464509999999999978e+00,3.650399999999999867e+00,1.149960000000000000e+05
-8.143019999999999925e+00,-2.577040000000000219e+00,-1.253579999999999917e+00,1.155080000000000000e+05,-8.317140000000000200e+00,-1.239139999999999908e+00,-3.215580000000000105e-01,1.155080000000000000e+05
-7.868809999999999860e+00,2.281620000000000203e+00,-3.146189999999999820e+00,1.156860000000000000e+05,8.228640000000000398e+00,1.864819999999999922e+00,2.392069999999999919e+00,1.156860000000000000e+05
-2.590180000000000149e+00,-8.483859999999999957e+00,-6.339599999999999902e+00,1.163650000000000000e+05,2.545549999999999757e-01,8.311569999999999681e+00,3.087349999999999817e+00,1.163650000000000000e+05
-7.427459999999999951e+00,3.126240000000000130e+00,-1.073550000000000004e+00,1.171790000000000000e+05,8.123490000000000322e+00,3.607870000000000243e-01,-2.478279999999999816e+00,1.171790000000000000e+05
-2.519639999999999880e+00,-7.786649999999999849e+00,4.410730000000000040e+00,1.172290000000000000e+05,8.538000000000000034e-01,8.099610000000000198e+00,-3.303150000000000031e+00,1.172290000000000000e+05
-7.868490000000000428e+00,2.194760000000000044e+00,-2.693350000000000133e+00,1.174130000000000000e+05,8.795189999999999841e+00,2.321619999999999795e+00,1.753200000000000092e+00,1.174130000000000000e+05
-5.119839999999999947e+00,-7.166450000000000209e+00,-2.153309999999999835e+00,1.178600000000000000e+05,2.269219999999999793e+00,8.010350000000000747e+00,-2.673610000000000153e-01,1.178600000000000000e+05
-8.238860000000000738e+00,-2.784079999999999888e+00,-2.078699999999999992e+00,1.190690000000000000e+05,6.343820000000000014e+00,6.165700000000000180e+00,3.895540000000000114e-01,1.190690000000000000e+05
8.271000000000000796e+00,-3.302240000000000175e-01,-2.648149999999999782e+00,1.194110000000000000e+05,-7.463809999999999611e+00,4.077770000000000117e+00,1.393580000000000041e+00,1.194110000000000000e+05
-4.997679999999999900e+00,7.062359999999999971e+00,1.508150000000000102e+00,1.200690000000000000e+05,6.998689999999999856e+00,-5.373389999999999667e+00,-3.084919999999999884e+00,1.200690000000000000e+05
-1.132090000000000041e+00,8.479799999999999116e+00,1.447380000000000111e+00,1.210870000000000000e+05,3.072020000000000195e+00,-8.007009999999999295e+00,-3.738589999999999858e+00,1.210870000000000000e+05
-2.070409999999999862e+00,8.349180000000000490e+00,1.471530000000000005e+00,1.215870000000000000e+05,3.966950000000000198e+00,-7.676440000000000374e+00,-3.704720000000000013e+00,1.215870000000000000e+05
-7.669369999999999798e+00,4.175270000000000259e+00,1.425580000000000069e+00,1.219730000000000000e+05,8.905910000000000437e+00,-7.411999999999999700e-01,-1.812159999999999993e+00,1.219730000000000000e+05
1.300100000000000033e+00,8.168950000000000600e+00,-2.199790000000000134e+00,1.240070000000000000e+05,-5.580530000000000435e+00,-6.200409999999999755e+00,5.062979999999999592e+00,1.240070000000000000e+05
8.032759999999999678e+00,2.566920000000000091e+00,1.206990000000000007e+00,1.242140000000000000e+05,-8.110620000000000829e+00,9.109690000000000287e-01,-2.563050000000000050e+00,1.242140000000000000e+05
8.025449999999999529e-01,8.214180000000000703e+00,-2.510489999999999944e-02,1.243320000000000000e+05,8.076060000000000461e-01,-8.084450000000000358e+00,-1.178709999999999924e+00,1.243320000000000000e+05
-8.227869999999999351e+00,-2.239300000000000068e+00,6.221160000000000023e-01,1.255230000000000000e+05,8.476670000000000371e+00,5.650100000000000122e-01,-1.265579999999999927e+00,1.255230000000000000e+05
-7.245969999999999800e+00,4.045609999999999928e+00,6.263340000000000352e+00,1.263300000000000000e+05,8.596819999999999240e+00,-5.997010000000000396e-01,-6.292250000000000121e+00,1.263300000000000000e+05
-8.676270000000000371e-01,8.606109999999999260e+00,1.476110000000000033e+00,1.268000000000000000e+05,2.287539999999999907e+00,-7.972879999999999967e+00,-1.229659999999999975e+00,1.268000000000000000e+05
1.315890000000000004e+00,-8.503370000000000317e+00,5.616329999999999600e+00,1.268170000000000000e+05,1.312470000000000026e+00,8.387679999999999580e+00,-4.594149999999999956e+00,1.268170000000000000e+05
-5.520940000000000403e+00,6.015990000000000393e+00,4.249689999999999718e-02,1.275470000000000000e+05,8.408220000000000027e+00,-2.885549999999999837e+00,-1.299919999999999964e+00,1.275470000000000000e+05
7.638690000000000424e+00,4.469210000000000349e+00,2.713479999999999781e-01,1.283030000000000000e+05,-7.645579999999999821e+00,-3.827580000000000204e+00,-1.238040000000000029e+00,1.283030000000000000e+05
4.222669999999999924e+00,7.145870000000000388e+00,-2.995760000000000201e+00,1.283700000000000000e+05,-3.415410000000000057e+00,-8.346759999999999735e+00,-3.987350000000000061e-01,1.283700000000000000e+05
7.440299999999999692e+00,-3.628460000000000019e+00,1.018140000000000045e+00,1.299010000000000000e+05,-5.420679999999999943e+00,7.080829999999999735e+00,-2.304809999999999803e+00,1.299010000000000000e+05
-3.052620000000000111e+00,-7.576950000000000074e+00,-4.421280000000000321e+00,1.302430000000000000e+05,5.122630000000000017e+00,7.162530000000000285e+00,1.969019999999999992e+00,1.302430000000000000e+05
3.102689999999999948e+00,-8.134439999999999671e+00,1.071350000000000025e+00,1.308670000000000000e+05,4.299929999999999808e+00,7.458750000000000213e+00,-1.252110000000000056e+00,1.308670000000000000e+05
3.692629999999999857e+00,7.532420000000000115e+00,-4.994390000000000107e+00,1.323920000000000000e+05,-6.974960000000000049e-01,-8.992350000000000065e+00,5.619650000000000034e+00,1.323920000000000000e+05
2.449539999999999829e+00,8.141600000000000392e+00,1.653340000000000032e+00,1.329620000000000000e+05,1.480310000000000015e+00,-8.583849999999999980e+00,-2.895109999999999850e+00,1.329620000000000000e+05
5.505460000000000242e+00,-7.091960000000000264e+00,-3.391239999999999810e+00,1.345100000000000000e+05,-2.282059999999999977e+00,7.835759999999999614e+00,2.958969999999999878e+00,1.345100000000000000e+05
-2.873170000000000002e+00,8.041320000000000690e+00,-6.115400000000000169e+00,1.364690000000000000e+05,5.877309999999999590e+00,-5.768080000000000318e+00,3.594209999999999905e+00,1.364690000000000000e+05
2.525199999999999889e+00,-8.240399999999999281e+00,-2.334830000000000183e+00,1.365370000000000000e+05,1.464369999999999949e+00,8.855109999999999815e+00,2.036160000000000192e+00,1.365370000000000000e+05
-4.557789999999999786e+00,7.073159999999999670e+00,-4.803799999999999848e+00,1.367040000000000000e+05,6.924590000000000245e+00,-5.166159999999999641e+00,-3.377940000000000165e+00,1.367040000000000000e+05
7.761300000000000310e+00,4.272750000000000270e+00,-3.710310000000000219e+00,1.367050000000000000e+05,-5.160940000000000083e+00,-6.438320000000000043e+00,4.334209999999999674e+00,1.367050000000000000e+05
-8.750130000000000408e-01,8.244569999999999510e+00,-3.643780000000000019e+00,1.380190000000000000e+05,3.939049999999999940e+00,-7.583239999999999981e+00,2.611850000000000005e+00,1.380190000000000000e+05
-8.859069999999999112e+00,-5.810509999999999980e-02,-3.597049999999999859e+00,1.388300000000000000e+05,8.196609999999999729e+00,-4.834069999999999756e-01,1.818230000000000013e+00,1.388300000000000000e+05
2.740969999999999906e+00,-7.661089999999999733e+00,5.724630000000000551e-01,1.394270000000000000e+05,-6.576760000000000383e-01,9.045790000000000219e+00,-1.080950000000000077e+00,1.394270000000000000e+05
-6.518670000000000186e+00,-6.174970000000000070e+00,-2.581700000000000106e+00,1.398670000000000000e+05,8.104359999999999786e+00,2.987070000000000114e+00,1.653799999999999937e+00,1.398670000000000000e+05
8.243130000000000734e+00,3.445640000000000036e+00,-5.968359999999999665e+00,1.399870000000000000e+05,-5.401729999999999698e+00,-6.014029999999999987e+00,5.893299999999999983e+00,1.399870000000000000e+05
-3.767650000000000166e+00,7.235330000000000261e+00,-5.799030000000000129e+00,1.400590000000000000e+05,6.000670000000000393e+00,-6.054120000000000168e+00,3.801670000000000105e+00,1.400590000000000000e+05
5.541210000000000413e+00,-5.974179999999999602e+00,2.457440000000000069e+00,1.401290000000000000e+05,-7.120949999999999669e+00,4.493070000000000341e+00,-3.963210000000000122e+00,1.401290000000000000e+05
1.548950000000000049e-01,-8.689930000000000376e+00,-1.106370000000000076e+00,1.422480000000000000e+05,-8.128759999999999764e+00,3.400119999999999809e+00,-3.419700000000000184e+00,1.422480000000000000e+05
7.991279999999999717e+00,2.246109999999999829e+00,9.799700000000000077e-01,1.424940000000000000e+05,-6.076880000000000059e+00,-5.762190000000000367e+00,-1.408009999999999984e+00,1.424940000000000000e+05
-3.076000000000000068e+00,8.206260000000000332e+00,6.276749999999999829e+00,1.436100000000000000e+05,3.996739999999999959e+00,-7.516289999999999694e+00,-3.717200000000000060e+00,1.436100000000000000e+05
3.590739999999999821e+00,-7.866880000000000095e+00,-2.617550000000000043e+00,1.437210000000000000e+05,-2.034370000000000012e+00,8.261260000000000048e+00,3.568099999999999827e+00,1.437210000000000000e+05
6.592660000000000409e+00,-5.135040000000000049e+00,3.800499999999999989e+00,1.439070000000000000e+05,-7.639050000000000118e+00,4.321180000000000021e+00,-5.042720000000000091e+00,1.439070000000000000e+05
7.207639999999999603e+00,5.463049999999999962e+00,4.702460000000000306e+00,1.447370000000000000e+05,-3.705299999999999816e+00,-7.765320000000000000e+00,-4.032829999999999693e+00,1.447370000000000000e+05
6.962019999999999875e+00,4.351759999999999629e+00,1.660679999999999934e+00,1.447640000000000000e+05,-4.729190000000000005e+00,-7.615680000000000227e+00,-1.842540000000000067e+00,1.447640000000000000e+05
6.661999999999999922e+00,4.905459999999999710e+00,6.067840000000000344e+00,1.455540000000000000e+05,-3.973110000000000142e+00,-7.455519999999999925e+00,-5.110280000000000378e+00,1.455540000000000000e+05
8.960509999999999309e+00,-2.781910000000000216e-01,2.253860000000000030e-01,1.464960000000000000e+05,-7.617449999999999832e+00,-3.208759999999999835e+00,-9.182179999999999509e-02,1.464960000000000000e+05
-6.447199999999999598e+00,-4.999310000000000365e+00,3.154129999999999989e-01,1.465480000000000000e+05,8.217320000000000846e+00,1.499789999999999957e+00,2.255090000000000039e+00,1.465480000000000000e+05
5.377560000000000118e-01,-8.193970000000000198e+00,-3.717610000000000081e-01,1.468420000000000000e+05,2.584219999999999851e-01,8.084749999999999659e+00,3.065529999999999991e-02,1.468420000000000000e+05
9.468100000000000127e-03,8.901669999999999305e+00,5.636379999999999862e-02,1.470620000000000000e+05,5.483820000000000361e-01,-8.729039999999999466e+00,-4.857139999999999791e-01,1.470620000000000000e+05
8.043609999999999260e+00,-3.914530000000000065e+00,-7.453579999999999650e-01,1.470900000000000000e+05,-8.728519999999999612e+00,-7.434259999999999480e-02,9.951839999999999575e-01,1.470900000000000000e+05
-5.609160000000000146e+00,6.134269999999999889e+00,-3.078750000000000098e-01,1.475790000000000000e+05,4.507670000000000066e+00,-7.212950000000000195e+00,1.201959999999999973e-01,1.475790000000000000e+05
-3.455239999999999867e+00,-7.830519999999999925e+00,4.862190000000000012e+00,1.480920000000000000e+05,4.907250000000000334e+00,6.733130000000000059e+00,-5.925799999999999734e+00,1.480920000000000000e+05
-7.315270000000000383e-01,8.793269999999999698e+00,-3.706809999999999938e+00,1.489080000000000000e+05,1.016620000000000079e+00,-8.633079999999999643e+00,1.989400000000000057e+00,1.489080000000000000e+05
8.022439999999999571e+00,2.694020000000000081e+00,2.339119999999999866e+00,1.494260000000000000e+05,-6.298809999999999576e+00,-5.802959999999999674e+00,-1.971160000000000023e+00,1.494260000000000000e+05
1.884849999999999914e+00,-8.181589999999999918e+00,1.927820000000000089e+00,1.497630000000000000e+05,-3.297130000000000116e+00,8.339349999999999596e+00,-3.747050000000000214e+00,1.497630000000000000e+05
-8.162050000000000693e+00,-5.278220000000000134e-01,-9.148800000000000265e-01,1.502790000000000000e+05,8.547790000000000887e+00,-2.755590000000000206e+00,6.789779999999999704e-01,1.502790000000000000e+05
-7.311890000000000001e+00,-4.552909999999999791e+00,1.649459999999999926e+00,1.505340000000000000e+05,8.280799999999999272e+00,6.326559999999999961e-01,-2.119660000000000100e+00,1.505340000000000000e+05
4.090609999999999857e+00,-7.354260000000000019e+00,-1.965989999999999904e+00,1.509790000000000000e+05,-6.009859999999999758e+00,6.177620000000000111e+00,-1.507109999999999950e+00,1.509790000000000000e+05
-5.111869999999999692e+00,6.313710000000000377e+00,8.265980000000000549e-01,1.515260000000000000e+05,3.421829999999999927e+00,-8.057639999999999247e+00,-2.050490000000000090e-01,1.515260000000000000e+05
-1.362679999999999891e+00,-8.378180000000000405e+00,-8.330279999999999907e-01,1.517810000000000000e+05,3.659259999999999735e-01,8.531599999999999184e+00,1.671000000000000041e+00,1.517810000000000000e+05
8.691029999999999589e+00,-3.888280000000000070e-01,3.674380000000000202e+00,1.519730000000000000e+05,-7.604250000000000398e+00,-3.049360000000000070e+00,-3.295939999999999870e+00,1.519730000000000000e+05
-7.920659999999999812e+00,2.018200000000000216e+00,1.567669999999999897e+00,1.523540000000000000e+05,6.082160000000000011e+00,-5.448290000000000077e+00,-1.035060000000000091e+00,1.523540000000000000e+05
-5.899680000000000035e+00,6.523270000000000124e+00,-5.807439999999999714e+00,1.524970000000000000e+05,4.648570000000000313e+00,-7.429990000000000094e+00,5.179409999999999847e+00,1.524970000000000000e+05
8.801619999999999777e+00,-1.642220000000000069e-01,4.181449999999999889e+00,1.528240000000000000e+05,-7.643489999999999895e+00,-3.216800000000000104e+00,-2.984579999999999789e+00,1.528240000000000000e+05
-6.527059999999999640e+00,-5.001900000000000013e+00,-2.645270000000000010e+00,1.532460000000000000e+05,8.210319999999999396e+00,3.143489999999999895e+00,4.536279999999999646e+00,1.532460000000000000e+05
7.389429999999999943e+00,-3.876910000000000078e+00,-2.275240000000000151e+00,1.534200000000000000e+05,-8.468030000000000612e+00,6.540329999999999755e-02,2.274360000000000159e+00,1.534200000000000000e+05
-5.276209999999999845e+00,-6.154469999999999885e+00,-6.684839999999999671e-01,1.536740000000000000e+05,6.423060000000000436e+00,5.634290000000000020e+00,1.194190000000000085e+00,1.536740000000000000e+05
-1.723989999999999911e+00,8.061560000000000059e+00,-3.959319999999999951e+00,1.539540000000000000e+05,-1.359640000000000015e-01,-8.922420000000000684e+00,2.316850000000000076e+00,1.539540000000000000e+05
1.260040000000000049e-01,8.659349999999999881e+00,-1.921249999999999902e+00,1.563410000000000000e+05,2.707619999999999916e+00,-8.430450000000000443e+00,5.394759999999999778e+00,1.563410000000000000e+05
-9.955119999999999525e-01,-8.481320000000000192e+00,-2.501269999999999882e+00,1.567660000000000000e+05,-2.245369999999999866e+00,8.761049999999999116e+00,4.012330000000000396e+00,1.567660000000000000e+05
-7.350700000000000289e-02,-8.266389999999999461e+00,-3.988499999999999823e-01,1.576680000000000000e+05,-2.896970000000000045e+00,7.573789999999999800e+00,9.781480000000000175e-01,1.576680000000000000e+05
-5.386829999999999785e+00,7.400590000000000224e+00,-2.648849999999999927e+00,1.581210000000000000e+05,4.298499999999999766e+00,-7.195780000000000065e+00,3.371849999999999792e+00,1.581210000000000000e+05
8.441079999999999472e+00,1.165560000000000034e-02,-9.916340000000000154e-01,1.581670000000000000e+05,-7.909370000000000012e+00,-2.330319999999999947e+00,6.978579999999999783e-01,1.581670000000000000e+05
8.266420000000000101e+00,-1.524349999999999872e-01,-1.695559999999999956e+00,1.583370000000000000e+05,-8.025069999999999482e+00,2.179040000000000088e+00,3.353619999999999823e+00,1.583370000000000000e+05
-8.262639999999999318e+00,-2.951869999999999994e+00,1.176120000000000054e+00,1.586900000000000000e+05,8.549770000000000536e+00,1.198420000000000041e+00,-1.556699999999999973e+00,1.586900000000000000e+05
8.679100000000000037e+00,-1.477589999999999959e+00,-3.395189999999999930e+00,1.588540000000000000e+05,-8.553850000000000620e+00,-1.200660000000000061e+00,2.616350000000000176e+00,1.588540000000000000e+05
4.803729999999999833e+00,-6.819609999999999950e+00,-2.526110000000000078e+00,1.595250000000000000e+05,-7.764269999999999783e+00,3.876430000000000042e+00,2.469869999999999788e+00,1.595250000000000000e+05
2.177900000000000169e+00,-8.510439999999999117e+00,4.723729999999999762e+00,1.598320000000000000e+05,-4.394610000000000127e+00,7.476079999999999615e+00,-1.494850000000000012e+00,1.598320000000000000e+05
7.466450000000000031e+00,4.589940000000000353e+00,-6.116519999999999735e-01,1.599260000000000000e+05,-7.663249999999999673e+00,-4.626640000000000086e+00,3.577409999999999757e-01,1.599260000000000000e+05
-3.471680000000000099e+00,7.363069999999999560e+00,-1.062019999999999964e+00,1.601780000000000000e+05,2.926400000000000112e-01,-8.993949999999999889e+00,2.259459999999999802e+00,1.601780000000000000e+05
-8.850870000000000459e+00,8.950850000000000195e-01,2.951629999999999879e-02,1.614240000000000000e+05,7.909119999999999706e+00,-2.945100000000000051e+00,-4.634409999999999918e-01,1.614240000000000000e+05
-8.767229999999999634e+00,6.067569999999999908e-02,-8.185839999999999783e-01,1.624240000000000000e+05,2.530959999999999877e+00,-8.430350000000000676e+00,4.285689999999999777e+00,1.624240000000000000e+05
-7.581870000000000331e+00,-3.985399999999999832e+00,-2.039829999999999810e+00,1.628060000000000000e+05,7.091289999999999871e+00,5.365929999999999644e+00,3.997469999999999857e+00,1.628060000000000000e+05
-2.570669999999999789e+00,-8.134159999999999613e+00,-1.610190000000000010e+00,1.631050000000000000e+05,-2.526710000000000012e+00,7.830569999999999808e+00,4.328909999999999592e+00,1.631050000000000000e+05
-1.921899999999999942e+00,8.510260000000000602e+00,1.357560000000000100e+00,1.633950000000000000e+05,-2.241540000000000088e+00,-8.825459999999999638e+00,-5.729640000000000288e-01,1.633950000000000000e+05
-7.662790000000000212e+00,-4.321780000000000399e+00,-9.505379999999999940e-01,1.635990000000000000e+05,5.878569999999999851e+00,6.709740000000000038e+00,2.399770000000000181e+00,1.635990000000000000e+05
-8.324920000000000542e+00,1.783239999999999936e+00,-1.351639999999999953e+00,1.640520000000000000e+05,8.063819999999999766e+00,-4.148559999999999803e+00,3.030019999999999936e+00,1.640520000000000000e+05
-7.302030000000000243e+00,-3.447010000000000129e+00,-1.383510000000000018e+00,1.643280000000000000e+05,6.062960000000000349e+00,5.795950000000000379e+00,3.935929999999999929e+00,1.643280000000000000e+05
-4.785199999999999676e+00,-6.862720000000000375e+00,-2.323690000000000033e+00,1.647390000000000000e+05,4.456439999999999735e+00,7.066910000000000025e+00,4.098250000000000171e+00,1.647390000000000000e+05
-6.490470000000000184e+00,5.011309999999999931e+00,-1.134500000000000064e+00,1.653480000000000000e+05,4.421809999999999796e+00,-6.921770000000000422e+00,2.558450000000000113e+00,1.653480000000000000e+05
-8.247329999999999828e+00,1.873280000000000056e+00,3.422299999999999898e+00,1.673520000000000000e+05,8.157659999999999911e+00,-1.673389999999999933e+00,-3.961759999999999948e+00,1.673520000000000000e+05
8.295519999999999783e+00,-6.587169999999999970e-01,3.377810000000000201e+00,1.676950000000000000e+05,-8.990669999999999717e+00,1.080549999999999899e+00,-3.918509999999999938e+00,1.676950000000000000e+05
7.013139999999999930e+00,5.537309999999999732e+00,1.936800000000000077e+00,1.681870000000000000e+05,-7.775249999999999773e+00,-2.803310000000000191e+00,-9.171489999999999920e-01,1.681870000000000000e+05
-3.781410000000000160e+00,-7.218359999999999665e+00,-4.651589999999999669e+00,1.685820000000000000e+05,-7.786429999999999740e-01,8.523030000000000328e+00,5.370339999999999669e+00,1.685820000000000000e+05
-3.566129999999999800e+00,-7.545910000000000117e+00,6.160409999999999719e+00,1.687720000000000000e+05,-4.463980000000000170e-01,8.678660000000000707e+00,-4.722780000000000200e+00,1.687720000000000000e+05
-8.504429999999999268e+00,8.858979999999999633e-01,3.599689999999999834e+00,1.701420000000000000e+05,8.474529999999999674e+00,1.395790000000000086e+00,-4.386639999999999873e+00,1.701420000000000000e+05
-8.915670000000000428e+00,1.003570000000000073e+00,5.022999999999999687e+00,1.704030000000000000e+05,8.389570000000000860e+00,6.568049999999999722e-01,-5.850240000000000329e+00,1.704030000000000000e+05
7.489220000000000432e+00,3.053059999999999885e+00,1.091930000000000067e+00,1.713430000000000000e+05,-8.560340000000000060e+00,-1.987269999999999870e-01,-6.233899999999999997e-01,1.713430000000000000e+05
6.780249999999999666e+00,4.892079999999999984e+00,3.982709999999999972e+00,1.717390000000000000e+05,-7.549940000000000317e+00,-3.104470000000000063e+00,1.265770000000000062e+00,1.717390000000000000e+05
7.382790000000000186e-01,-8.806900000000000617e+00,2.097510000000000208e+00,1.727750000000000000e+05,-3.155959999999999877e+00,7.662029999999999674e+00,-7.998699999999999699e-01,1.727750000000000000e+05
-8.279220000000000468e+00,2.202270000000000061e-01,7.365249999999999853e-01,1.745500000000000000e+05,8.450799999999999201e+00,2.620480000000000143e+00,-1.222799999999999998e-01,1.745500000000000000e+05
7.014599999999999724e+00,5.059099999999999930e+00,-2.733699999999999797e+00,1.751880000000000000e+05,-8.279600000000000293e+00,-1.389590000000000103e+00,3.312089999999999979e+00,1.751880000000000000e+05
2.918449999999999989e+00,8.340059999999999363e+00,-2.923029999999999795e+00,1.784810000000000000e+05,-4.548470000000000013e+00,-6.874649999999999928e+00,5.253589999999999982e+00,1.784810000000000000e+05
-8.324880000000000280e+00,2.743729999999999780e+00,3.959719999999999906e+00,1.795940000000000000e+05,8.053419999999999135e+00,9.902180000000000426e-01,-2.651899999999999924e+00,1.795940000000000000e+05
-2.029510000000000147e+00,8.078599999999999781e+00,9.886270000000000335e-01,1.800680000000000000e+05,3.186840000000000117e+00,-8.194869999999999877e+00,-2.788830000000000128e-02,1.800680000000000000e+05
6.879690000000000083e+00,4.740090000000000359e+00,-1.685009999999999897e+00,1.810430000000000000e+05,-8.162910000000000110e+00,-2.078079999999999927e+00,3.753960000000000186e+00,1.810430000000000000e+05
-2.215240000000000098e+00,-8.118290000000000006e+00,5.103659999999999863e-01,1.813560000000000000e+05,2.174640000000000128e+00,8.351359999999999673e+00,8.549360000000000293e-01,1.813560000000000000e+05
4.875899999999999679e+00,6.942479999999999762e+00,1.669699999999999962e+00,1.822050000000000000e+05,-6.759089999999999598e+00,-5.322729999999999961e+00,-1.856020000000000003e+00,1.822050000000000000e+05
-7.524399999999999977e+00,-3.102790000000000159e+00,-2.132589999999999986e+00,1.826140000000000000e+05,4.324720000000000120e+00,7.176770000000000316e+00,1.524990000000000068e+00,1.826140000000000000e+05
-3.330900000000000194e+00,8.219400000000000261e+00,3.010749999999999815e+00,1.834750000000000000e+05,5.691130000000000244e+00,-5.911970000000000169e+00,-2.181070000000000064e+00,1.834750000000000000e+05
6.024440000000000239e+00,6.421409999999999840e+00,-1.234169999999999989e+00,1.849410000000000000e+05,-6.801479999999999748e+00,-5.474479999999999791e+00,3.673010000000000108e+00,1.849410000000000000e+05
3.347160000000000135e+00,8.119659999999999656e+00,-6.766900000000000137e-01,1.860280000000000000e+05,-2.590219999999999967e+00,-8.465899999999999537e+00,2.029850000000000154e+00,1.860280000000000000e+05
-6.579039999999999999e+00,4.813310000000000421e+00,6.134750000000000369e+00,1.865980000000000000e+05,8.714000000000000412e+00,-1.208380000000000010e+00,-3.747790000000000177e+00,1.865980000000000000e+05
-8.204589999999999606e+00,-2.637410000000000032e+00,-1.239600000000000035e+00,1.868300000000000000e+05,7.821170000000000400e+00,4.379400000000000404e+00,1.854770000000000030e+00,1.868300000000000000e+05
4.213129999999999598e+00,7.164920000000000400e+00,4.951459999999999972e+00,1.875520000000000000e+05,-3.210989999999999789e+00,-7.935299999999999798e+00,-5.996310000000000251e+00,1.875520000000000000e+05
-1.525700000000000056e+00,8.790070000000000050e+00,4.253330000000000055e+00,1.887650000000000000e+05,3.488329999999999931e+00,-8.196989999999999554e+00,-2.167920000000000125e-01,1.887650000000000000e+05
-6.050010000000000332e+00,6.688679999999999737e+00,-2.370000000000000107e+00,1.909550000000000000e+05,7.658649999999999736e+00,-3.557539999999999925e+00,3.080839999999999801e+00,1.909550000000000000e+05
5.958169999999999966e+00,6.072129999999999583e+00,-2.379890000000000061e+00,1.919500000000000000e+05,-1.955070000000000086e+00,-8.474470000000000169e+00,2.829299999999999926e+00,1.919500000000000000e+05
-6.530219999999999914e+00,5.022260000000000169e+00,-4.630219999999999558e+00,1.923170000000000000e+05,8.275199999999999889e+00,-2.601220000000000088e+00,4.591050000000000075e+00,1.923170000000000000e+05
8.360229999999999606e+00,3.126809999999999867e+00,-5.767229999999999857e-01,1.932670000000000000e+05,-7.239869999999999806e+00,-3.661059999999999981e+00,3.603120000000000100e+00,1.932670000000000000e+05
7.692510000000000403e+00,-3.468449999999999811e+00,2.340329999999999799e+00,1.934040000000000000e+05,-6.089540000000000397e+00,5.627919999999999590e+00,-1.260150000000000103e+00,1.934040000000000000e+05
4.072470000000000034e+00,-7.395059999999999967e+00,1.958919999999999995e+00,1.941030000000000000e+05,1.893749999999999878e-01,8.060470000000000468e+00,-2.293900000000000106e-01,1.941030000000000000e+05
-6.617390000000000327e+00,-5.093320000000000292e+00,2.197410000000000085e+00,1.953580000000000000e+05,8.317750000000000199e+00,3.464469999999999938e+00,-2.699840000000000018e-01,1.953580000000000000e+05
8.479990000000000805e+00,3.988360000000000238e-01,-7.427620000000000333e-01,1.958490000000000000e+05,-8.267549999999999955e+00,-1.222329999999999917e+00,3.767259999999999831e+00,1.958490000000000000e+05
-6.978480000000000238e+00,4.271519999999999762e+00,5.221490000000000187e+00,1.959580000000000000e+05,8.270920000000000272e+00,-3.163699999999999957e+00,-2.228450000000000042e+00,1.959580000000000000e+05
-5.584369999999999834e+00,5.855430000000000135e+00,-6.264610000000000456e-01,1.964770000000000000e+05,8.229290000000000660e+00,-3.243939999999999824e+00,4.396849999999999703e+00,1.964770000000000000e+05
8.816779999999999617e+00,4.840330000000000327e-02,4.546529999999999738e+00,1.965300000000000000e+05,-8.761169999999999902e+00,-3.113710000000000089e-01,-4.620790000000000397e+00,1.965300000000000000e+05
7.652470000000000105e+00,-4.094850000000000101e+00,-9.391450000000000076e-01,1.971500000000000000e+05,-6.559090000000000309e+00,5.006630000000000358e+00,3.634329999999999838e+00,1.971500000000000000e+05
7.587780000000000413e+00,4.681899999999999729e+00,-8.156889999999999974e-01,1.971510000000000000e+05,-4.545149999999999579e+00,-7.059090000000000309e+00,2.936059999999999892e+00,1.971510000000000000e+05
4.406069999999999709e+00,-7.885139999999999816e+00,3.174910000000000121e+00,1.974000000000000000e+05,-1.570999999999999952e+00,8.478970000000000340e+00,-1.613730000000000109e+00,1.974000000000000000e+05
-2.045389999999999819e+00,-8.107290000000000774e+00,4.634170000000000122e+00,1.981380000000000000e+05,5.833020000000000316e+00,6.514490000000000336e+00,-2.186710000000000154e+00,1.981380000000000000e+05
3.195889999999999898e+00,-8.250759999999999650e+00,-5.435130000000000017e+00,1.984340000000000000e+05,-6.191699999999999982e+00,5.212550000000000239e+00,5.547049999999999592e+00,1.984340000000000000e+05
7.999439999999999884e+00,-2.558479999999999865e+00,3.042120000000000157e+00,1.988820000000000000e+05,-8.432679999999999509e+00,2.416100000000000136e+00,-2.473759999999999959e+00,1.988820000000000000e+05
-8.174110000000000653e+00,1.435980000000000034e+00,-6.289979999999999905e+00,1.989080000000000000e+05,8.671060000000000656e+00,-2.287129999999999885e+00,5.941670000000000229e+00,1.989080000000000000e+05
7.651229999999999976e+00,-3.268520000000000092e+00,4.767059999999999853e+00,1.994870000000000000e+05,-8.187709999999999155e+00,3.017850000000000144e+00,-5.792539999999999800e+00,1.994870000000000000e+05
4.533789999999999765e+00,-7.835619999999999585e+00,-2.370909999999999851e+00,2.005070000000000000e+05,-2.195899999999999963e+00,8.115099999999999980e+00,5.659159999999999968e+00,2.005070000000000000e+05
8.909000000000000696e+00,-1.024650000000000061e+00,-3.277820000000000178e+00,2.007900000000000000e+05,8.888870000000000715e+00,-1.369080000000000075e+00,-3.931270000000000042e+00,2.007900000000000000e+05
-5.229940000000000033e+00,-7.152730000000000032e+00,-1.202280000000000015e+00,2.009480000000000000e+05,7.874959999999999738e+00,2.381460000000000132e+00,1.632309999999999928e+00,2.009480000000000000e+05
-8.805939999999999657e+00,-5.404529999999999612e-01,-3.517549999999999955e+00,2.021880000000000000e+05,6.580490000000000173e+00,-5.045219999999999594e+00,3.612109999999999932e+00,2.021880000000000000e+05
-2.674939999999999873e+00,-8.072039999999999438e+00,-3.233890000000000153e+00,2.030840000000000000e+05,6.119460000000000122e+00,6.033260000000000289e+00,5.656880000000000130e+00,2.030840000000000000e+05
7.946600000000000108e+00,-3.398050000000000015e+00,-3.656170000000000253e-01,2.038070000000000000e+05,-8.592700000000000671e+00,2.551379999999999759e-01,3.404459999999999820e+00,2.038070000000000000e+05
-1.641310000000000047e+00,-8.040319999999999467e+00,-1.717670000000000030e+00,2.040510000000000000e+05,5.219570000000000043e+00,7.229079999999999728e+00,5.017430000000000057e+00,2.040510000000000000e+05
8.779159999999999187e+00,-6.031579999999999719e-01,6.032189999999999497e-01,2.044540000000000000e+05,-8.056559999999999278e+00,-3.374509999999999899e+00,2.720530000000000115e+00,2.044540000000000000e+05
-7.448949999999999960e+00,-3.157090000000000174e+00,5.787340000000000373e+00,2.049500000000000000e+05,8.367639999999999745e+00,-1.153890000000000082e+00,-2.345190000000000108e+00,2.049500000000000000e+05
1.796389999999999931e+00,-8.211840000000000472e+00,-1.597269999999999968e+00,2.056220000000000000e+05,-9.058450000000000113e-01,8.322259999999999991e+00,4.826410000000000089e+00,2.056220000000000000e+05
-6.727400000000000047e-01,-8.461909999999999599e+00,3.303739999999999899e+00,2.058430000000000000e+05,3.137690000000000090e+00,7.675159999999999982e+00,-1.703500000000000014e+00,2.058430000000000000e+05
-8.336370000000000502e+00,1.020019999999999927e+00,-9.394649999999999945e-01,2.060260000000000000e+05,7.804459999999999731e+00,-4.111989999999999590e+00,3.257839999999999847e+00,2.060260000000000000e+05
8.137290000000000134e+00,1.100780000000000092e+00,4.515189999999999593e+00,2.069550000000000000e+05,-8.165699999999999292e+00,-1.749400000000000066e+00,-2.565170000000000172e+00,2.069550000000000000e+05
-6.604210000000000136e+00,4.899210000000000065e+00,4.684590000000000032e+00,2.076260000000000000e+05,5.710539999999999949e+00,-6.409019999999999939e+00,-1.412840000000000096e+00,2.076260000000000000e+05
7.721669999999999590e+00,-4.069040000000000212e+00,4.781299999999999883e+00,2.080660000000000000e+05,-8.054729999999999279e+00,3.772730000000000139e+00,-4.296870000000000189e+00,2.080660000000000000e+05
-8.453419999999999490e+00,-1.453989999999999894e+00,-2.077809999999999935e+00,2.081840000000000000e+05,8.226969999999999672e+00,-2.495610000000000106e+00,4.054540000000000255e+00,2.081840000000000000e+05
6.013639999999999652e+00,-5.439400000000000013e+00,5.121520000000000294e+00,2.089860000000000000e+05,-8.282450000000000756e+00,3.393679999999999808e+00,-4.286200000000000010e+00,2.089860000000000000e+05
-8.087540000000000617e+00,2.329769999999999897e+00,-6.946200000000000152e-01,2.094070000000000000e+05,7.048930000000000362e+00,-4.818620000000000125e+00,2.342970000000000219e+00,2.094070000000000000e+05
-7.622289999999999566e+00,-3.171060000000000212e+00,4.078180000000000138e-01,2.097060000000000000e+05,8.351829999999999643e+00,-5.221630000000000438e-01,1.879780000000000006e+00,2.097060000000000000e+05
-7.414019999999999833e+00,-3.320170000000000066e+00,1.697210000000000107e+00,2.103060000000000000e+05,8.347979999999999734e+00,3.666209999999999747e-01,6.308359999999999523e-01,2.103060000000000000e+05
2.134700000000000042e+00,-7.876369999999999649e+00,4.762089999999999712e+00,2.105010000000000000e+05,-3.689569999999999794e+00,7.619860000000000078e+00,-4.707259999999999778e+00,2.105010000000000000e+05
-7.091099999999999959e+00,-4.579270000000000174e+00,4.921249999999999680e+00,2.106330000000000000e+05,8.124000000000000554e+00,9.314980000000000482e-01,-3.083009999999999806e+00,2.106330000000000000e+05
-8.000000000000000000e+00,-2.227570000000000050e+00,2.274620000000000086e+00,2.106880000000000000e+05,8.262140000000000484e+00,-1.793169999999999931e+00,-4.980129999999999835e-01,2.106880000000000000e+05
5.973029999999999617e+00,-5.668910000000000338e+00,3.423569999999999780e+00,2.109040000000000000e+05,-8.140620000000000189e+00,2.344869999999999788e+00,-1.754469999999999974e+00,2.109040000000000000e+05
-6.254909999999999748e+00,-5.294570000000000221e+00,5.316130000000000022e-01,2.109200000000000000e+05,8.098850000000000549e+00,1.453829999999999956e+00,2.124579999999999913e+00,2.109200000000000000e+05
-4.993800000000000239e+00,6.438010000000000232e+00,-2.730799999999999894e+00,2.124080000000000000e+05,4.806759999999999700e+00,-6.947960000000000136e+00,3.900959999999999983e+00,2.124080000000000000e+05
-3.382010000000000183e+00,7.582580000000000098e+00,3.281960000000000210e+00,2.140270000000000000e+05,1.568540000000000045e+00,-8.194219999999999615e+00,-7.770370000000000055e-02,2.140270000000000000e+05
7.918650000000000411e+00,3.905050000000000132e+00,-1.903100000000000014e+00,2.143600000000000000e+05,-6.384210000000000385e+00,-5.380849999999999689e+00,3.268460000000000143e+00,2.143600000000000000e+05
1.483559999999999990e+00,-8.257669999999999177e+00,3.236520000000000064e+00,2.157500000000000000e+05,-4.419159999999999755e+00,7.011809999999999654e+00,-3.782840000000000202e+00,2.157500000000000000e+05
-6.952589999999999826e+00,5.246990000000000265e+00,-6.070769999999999778e-01,2.164160000000000000e+05,2.619069999999999787e+00,-7.804299999999999571e+00,5.234070000000000000e+00,2.164160000000000000e+05
-7.961280000000000356e+00,2.196330000000000116e+00,3.114370000000000083e+00,2.165600000000000000e+05,6.222839999999999705e+00,-5.742600000000000371e+00,-7.816579999999999639e-01,2.165600000000000000e+05
-7.051870000000000083e+00,-4.560909999999999798e+00,4.010309999999999597e+00,2.166140000000000000e+05,7.995899999999999785e+00,4.142540000000000333e+00,-2.581599999999999895e+00,2.166140000000000000e+05
2.324380000000000113e+00,-8.637790000000000745e+00,-2.217639999999999889e-01,2.171990000000000000e+05,-5.215720000000000134e+00,6.449950000000000294e+00,2.752759999999999874e+00,2.171990000000000000e+05
-8.341440000000000410e+00,-2.255830000000000002e+00,1.396560000000000024e+00,2.180860000000000000e+05,8.497970000000000468e+00,4.348330000000000251e-02,7.527479999999999727e-01,2.180860000000000000e+05
-2.387160000000000171e+00,-8.187889999999999446e+00,-1.249370000000000064e-01,2.185930000000000000e+05,-2.519670000000000076e+00,-8.356210000000000804e+00,-2.006629999999999914e+00,2.185930000000000000e+05
6.268799999999999706e+00,-5.622359999999999580e+00,-1.121939999999999937e+00,2.187840000000000000e+05,-8.436370000000000147e+00,3.041519999999999779e+00,3.612550000000000150e+00,2.187840000000000000e+05
-8.726020000000000110e+00,8.131350000000000522e-01,5.574609999999999843e+00,2.190060000000000000e+05,7.893909999999999982e+00,-4.413450000000000095e+00,-4.640719999999999956e+00,2.190060000000000000e+05
-8.608869999999999578e+00,1.493069999999999897e+00,5.080720000000000347e+00,2.191580000000000000e+05,7.023579999999999934e+00,-4.217780000000000307e+00,-2.683209999999999873e+00,2.191580000000000000e+05
-7.780090000000000394e+00,-4.064890000000000114e+00,3.829870000000000108e+00,2.194320000000000000e+05,7.659670000000000201e+00,3.448440000000000172e+00,-2.388549999999999951e+00,2.194320000000000000e+05
-7.343490000000000073e+00,-3.336269999999999847e+00,2.619339999999999780e+00,2.195740000000000000e+05,8.216010000000000701e+00,-7.183079999999999465e-01,3.943539999999999823e-01,2.195740000000000000e+05
-4.429840000000000444e+00,-6.973099999999999632e+00,-2.225959999999999883e-01,2.204210000000000000e+05,5.748140000000000249e+00,6.933390000000000164e+00,4.277300000000000324e+00,2.204210000000000000e+05
-5.470860000000000056e+00,-7.078179999999999694e+00,4.094610000000000305e+00,2.208330000000000000e+05,3.300549999999999873e+00,8.301610000000000156e+00,-3.994990000000000041e+00,2.208330000000000000e+05
-7.795869999999999855e+00,3.688530000000000086e+00,5.134660000000000224e+00,2.212960000000000000e+05,5.325540000000000163e+00,-6.779819999999999958e+00,-2.639149999999999885e+00,2.212960000000000000e+05
-4.742869999999999919e+00,7.747300000000000075e+00,3.329410000000000203e+00,2.220290000000000000e+05,6.781979999999999675e-01,-8.964850000000000207e+00,-5.730370000000000186e-01,2.220290000000000000e+05
-5.228739999999999499e-01,-8.212109999999999133e+00,-3.509099999999999997e-01,2.224810000000000000e+05,-3.955970000000000208e+00,7.215550000000000352e+00,1.832580000000000098e+00,2.224810000000000000e+05
-7.236900000000000333e+00,-3.876949999999999896e+00,6.198479999999999546e-01,2.229380000000000000e+05,6.853340000000000209e+00,5.528920000000000279e+00,2.909520000000000106e+00,2.229380000000000000e+05
-7.748109999999999609e+00,2.513250000000000206e+00,2.422480000000000189e+00,2.241720000000000000e+05,8.738139999999999574e+00,-2.439649999999999874e-01,4.363249999999999851e+00,2.241720000000000000e+05
6.747919999999999474e-01,8.701840000000000686e+00,-7.239539999999999864e-01,2.242210000000000000e+05,-4.089690000000000047e+00,-7.366159999999999819e+00,3.331519999999999815e+00,2.242210000000000000e+05
-5.767759999999999998e+00,-6.507279999999999731e+00,-3.443459999999999854e-01,2.243780000000000000e+05,2.665439999999999809e+00,7.644779999999999909e+00,3.862839999999999829e+00,2.243780000000000000e+05
-5.650960000000000427e+00,5.772840000000000416e+00,3.458629999999999871e+00,2.249970000000000000e+05,2.675879999999999814e+00,-8.070850000000000080e+00,-5.792490000000000139e-01,2.249970000000000000e+05
-3.360360000000000014e+00,-8.246249999999999858e+00,3.443620000000000014e-01,2.267640000000000000e+05,-5.770990000000000286e-01,8.915060000000000429e+00,2.598419999999999952e+00,2.267640000000000000e+05
-7.015369999999999884e+00,4.294240000000000279e+00,-6.679599999999999982e-01,2.267910000000000000e+05,5.982940000000000147e+00,-5.922419999999999796e+00,5.295090000000000074e+00,2.267910000000000000e+05
-6.425589999999999913e-01,8.860390000000000654e+00,-3.320069999999999855e+00,2.277230000000000000e+05,-3.171889999999999876e+00,-7.560570000000000235e+00,6.354650000000000354e+00,2.277230000000000000e+05
-8.714890000000000470e+00,1.369869999999999921e+00,2.325110000000000010e+00,2.280810000000000000e+05,8.534940000000000637e+00,-5.314609999999999612e-01,1.029649999999999954e+00,2.280810000000000000e+05
-7.276740000000000208e+00,5.205269999999999619e+00,-1.730739999999999945e+00,2.289600000000000000e+05,6.363529999999999909e+00,-5.319029999999999703e+00,6.164749999999999730e+00,2.289600000000000000e+05
-6.322779999999999845e+00,5.156780000000000364e+00,1.279859999999999887e-01,2.290050000000000000e+05,6.014669999999999739e+00,-6.476980000000000182e+00,3.604049999999999976e+00,2.290050000000000000e+05
-6.204559999999999853e+00,6.093410000000000437e+00,5.969590000000000174e+00,2.291770000000000000e+05,5.297329999999999650e+00,-6.605229999999999713e+00,-5.717950000000000088e+00,2.291770000000000000e+05
-5.857840000000000269e-02,8.205180000000000362e+00,1.912649999999999906e-01,2.293330000000000000e+05,-3.925310000000000077e+00,-8.103780000000000427e+00,3.264260000000000161e+00,2.293330000000000000e+05
1.500070000000000014e+00,8.566330000000000666e+00,-1.348910000000000053e+00,2.293460000000000000e+05,-4.959970000000000212e+00,-6.855269999999999975e+00,4.276500000000000412e+00,2.293460000000000000e+05
-4.387690000000000090e+00,-7.052920000000000300e+00,-2.655139999999999834e+00,2.303050000000000000e+05,5.875529999999999919e-01,8.883419999999999206e+00,5.166229999999999656e+00,2.303050000000000000e+05
-8.297280000000000655e+00,1.256389999999999896e+00,-4.354959999999999942e-01,2.305940000000000000e+05,8.463089999999999336e+00,7.399390000000000134e-01,5.767509999999999692e+00,2.305940000000000000e+05
-4.378499999999999837e+00,7.431580000000000297e+00,4.203079999999999927e+00,2.314750000000000000e+05,2.436040000000000205e+00,-8.073650000000000659e+00,-2.032469999999999999e+00,2.314750000000000000e+05
-2.364999999999999880e-01,8.420310000000000628e+00,1.653429999999999955e+00,2.320390000000000000e+05,-2.753839999999999844e+00,-8.495100000000000762e+00,1.984620000000000051e+00,2.320390000000000000e+05
-3.364959999999999951e+00,8.198949999999999960e+00,2.317419999999999813e+00,2.332300000000000000e+05,2.774080000000000101e+00,-8.576629999999999754e+00,1.358419999999999961e+00,2.332300000000000000e+05
-6.872569999999999624e+00,4.659089999999999954e+00,1.498680000000000012e+00,2.334950000000000000e+05,7.643930000000000113e+00,-3.227640000000000065e+00,1.686590000000000034e+00,2.334950000000000000e+05
4.040560000000000151e+00,7.530759999999999899e+00,4.556449999999999889e+00,2.343000000000000000e+05,-6.653830000000000133e+00,-4.775540000000000340e+00,-1.329339999999999966e+00,2.343000000000000000e+05
5.412189999999999834e+00,6.563480000000000203e+00,1.636249999999999982e+00,2.346170000000000000e+05,-7.772789999999999644e+00,-3.793919999999999959e+00,1.354360000000000008e+00,2.346170000000000000e+05
1.435419999999999918e+00,8.679719999999999658e+00,4.547769999999999868e+00,2.348610000000000000e+05,-3.657599999999999962e+00,-7.377080000000000304e+00,-1.446949999999999958e+00,2.348610000000000000e+05
-8.272629999999999706e-01,8.565530000000000754e+00,-1.041299999999999892e+00,2.349540000000000000e+05,-1.084640000000000049e+00,-8.561759999999999593e+00,6.203100000000000058e+00,2.349540000000000000e+05
2.293260000000000076e+00,8.189610000000000056e+00,3.012659999999999894e+00,2.356180000000000000e+05,-5.221569999999999823e+00,-7.049509999999999721e+00,-5.422169999999999490e-01,2.356180000000000000e+05
-6.882830000000000226e+00,4.969170000000000087e+00,5.929540000000000255e+00,2.359450000000000000e+05,7.809059999999999668e+00,-2.709480000000000111e+00,-4.263600000000000279e+00,2.359450000000000000e+05
-6.875499999999999723e+00,4.729210000000000136e+00,6.287840000000000096e+00,2.377410000000000000e+05,8.314170000000000726e+00,-8.535129999999999661e-01,-4.230330000000000368e+00,2.377410000000000000e+05
-2.158030000000000115e+00,8.808339999999999392e+00,6.189849999999999852e+00,2.381670000000000000e+05,1.892099999999999893e+00,-8.503360000000000696e+00,-4.410260000000000069e+00,2.381670000000000000e+05
-6.354169999999999874e+00,5.499200000000000088e+00,3.442550000000000221e+00,2.385570000000000000e+05,7.233089999999999797e+00,-3.848289999999999988e+00,1.092009999999999925e+00,2.385570000000000000e+05
7.993850000000000122e+00,-3.124559999999999782e+00,1.824259999999999993e+00,2.411540000000000000e+05,-5.466599999999999682e+00,6.010430000000000383e+00,1.369119999999999893e+00,2.411540000000000000e+05
-7.565929999999999822e+00,-3.826690000000000147e+00,5.137940000000000396e+00,2.413090000000000000e+05,5.558349999999999902e+00,5.877069999999999794e+00,-5.339390000000000525e-01,2.413090000000000000e+05
1.262690000000000090e+00,9.015909999999999869e+00,2.792640000000000011e+00,2.413280000000000000e+05,-4.632900000000000240e+00,-7.366900000000000226e+00,-8.876140000000000141e-01,2.413280000000000000e+05
-7.705879999999999619e+00,4.544550000000000090e+00,-2.299090000000000023e-01,2.417950000000000000e+05,8.980549999999999145e+00,-3.651449999999999974e-01,4.242630000000000123e+00,2.417950000000000000e+05
7.244609999999999772e+00,4.688439999999999941e+00,-1.623879999999999990e+00,2.424850000000000000e+05,-8.081789999999999807e+00,-1.362219999999999986e+00,5.819960000000000022e+00,2.424850000000000000e+05
6.390839999999999854e+00,-5.890710000000000335e+00,-6.462390000000000079e-01,2.428390000000000000e+05,-4.328979999999999606e+00,7.723639999999999617e+00,4.468210000000000015e+00,2.428390000000000000e+05
4.740409999999999791e+00,6.740260000000000140e+00,2.013739999999999863e+00,2.432440000000000000e+05,-5.290160000000000196e+00,-7.184800000000000075e+00,2.213839999999999808e+00,2.432440000000000000e+05
-8.195280000000000342e+00,2.528080000000000105e+00,-2.512719999999999843e+00,2.442560000000000000e+05,8.120509999999999451e+00,1.199850000000000083e+00,5.308709999999999596e+00,2.442560000000000000e+05
4.548339999999999606e+00,-7.031410000000000160e+00,4.624900000000000122e-01,2.446840000000000000e+05,-1.854070000000000107e+00,8.331329999999999458e+00,3.101579999999999782e+00,2.446840000000000000e+05
-8.824299999999999145e+00,-1.337939999999999907e+00,-2.693550000000000111e-01,2.462010000000000000e+05,7.339620000000000033e+00,4.037779999999999703e+00,3.248899999999999899e+00,2.462010000000000000e+05
-5.797700000000000076e-01,8.602610000000000312e+00,-6.215410000000000101e-01,2.466560000000000000e+05,3.606599999999999806e+00,-7.892210000000000392e+00,5.108060000000000045e+00,2.466560000000000000e+05
7.646080000000000432e+00,3.116120000000000001e+00,4.596680000000000099e+00,2.474710000000000000e+05,-7.849389999999999645e+00,3.273289999999999811e+00,-2.498289999999999900e+00,2.474710000000000000e+05
-1.320580000000000087e+00,8.712889999999999802e+00,1.395969999999999933e+00,2.478760000000000000e+05,5.107829999999999870e+00,-6.814939999999999998e+00,2.841709999999999958e+00,2.478760000000000000e+05
1.547260000000000080e+00,8.220090000000000785e+00,5.368299999999999628e+00,2.487510000000000000e+05,1.910109999999999975e+00,-8.610089999999999577e+00,-2.658980000000000121e+00,2.487510000000000000e+05
6.333809999999999718e+00,-5.397219999999999906e+00,6.249310000000000365e+00,2.491370000000000000e+05,-3.034440000000000026e+00,7.552640000000000242e+00,-2.203320000000000167e+00,2.491370000000000000e+05
-7.844450000000000145e+00,-3.930709999999999926e+00,2.429279999999999884e+00,2.496260000000000000e+05,7.223779999999999646e+00,3.666199999999999903e+00,1.988979999999999970e+00,2.496260000000000000e+05
6.960469999999999935e+00,4.730909999999999727e+00,3.040360000000000174e+00,2.507940000000000000e+05,-6.589150000000000063e+00,-5.836470000000000269e+00,4.943489999999999829e-01,2.507940000000000000e+05
-6.518110000000000070e+00,5.480900000000000105e+00,2.315690000000000026e+00,2.514120000000000000e+05,8.155799999999999272e+00,-2.769829999999999792e+00,1.525109999999999966e+00,2.514120000000000000e+05
-4.564969999999999750e+00,7.609130000000000393e+00,5.743930000000000424e-01,2.516540000000000000e+05,7.090329999999999799e+00,-5.348029999999999617e+00,3.696610000000000174e+00,2.516540000000000000e+05
8.442379999999999995e+00,-2.052109999999999879e+00,5.773939999999999628e+00,2.520540000000000000e+05,-7.148240000000000371e+00,4.369299999999999962e+00,-3.864840000000000053e+00,2.520540000000000000e+05
-2.096239999999999881e+00,8.512520000000000309e+00,-2.292780000000000040e+00,2.534460000000000000e+05,1.018319999999999892e+00,-8.815429999999999211e+00,6.274969999999999715e+00,2.534460000000000000e+05
1.482329999999999925e+00,-8.276279999999999859e+00,2.946180000000000021e+00,2.551270000000000000e+05,2.909780000000000033e+00,8.537319999999999354e+00,1.425240000000000062e+00,2.551270000000000000e+05
-2.968319999999999848e+00,7.774079999999999657e+00,4.665899999999999714e+00,2.557140000000000000e+05,6.766680000000000028e+00,-5.768900000000000361e+00,-8.597720000000000362e-02,2.557140000000000000e+05
2.780889999999999862e+00,-8.313359999999999417e+00,5.665829999999999700e+00,2.557160000000000000e+05,8.008119999999999683e-01,8.210290000000000532e+00,-1.830950000000000077e+00,2.557160000000000000e+05
-5.870910000000000295e+00,6.357160000000000366e+00,-3.266840000000000188e+00,2.565220000000000000e+05,6.956470000000000375e+00,-4.538039999999999630e+00,5.574349999999999916e+00,2.565220000000000000e+05
-3.619619999999999838e+00,-7.718740000000000379e+00,3.616820000000000146e+00,2.580290000000000000e+05,6.537609999999999921e+00,6.081680000000000419e+00,5.704780000000000406e+00,2.580290000000000000e+05
2.790979999999999794e+00,-7.602680000000000327e+00,4.402650000000000396e+00,2.581080000000000000e+05,8.505249999999999755e-01,8.273080000000000211e+00,-6.811289999999999845e-01,2.581080000000000000e+05
1.338529999999999998e+00,8.228490000000000748e+00,2.093319999999999848e+00,2.585820000000000000e+05,2.385720000000000063e+00,-8.044969999999999288e+00,1.526000000000000023e+00,2.585820000000000000e+05
8.312839999999999563e+00,-2.988160000000000122e-02,3.491880000000000095e+00,2.597540000000000000e+05,-8.012840000000000629e+00,-2.360889999999999933e+00,4.477909999999999946e-01,2.597540000000000000e+05
8.076209999999999667e+00,1.344260000000000010e+00,1.049360000000000070e+00,2.627180000000000000e+05,-6.888410000000000366e+00,-4.530249999999999666e+00,3.536509999999999820e+00,2.627180000000000000e+05
7.377220000000000333e+00,-3.789480000000000182e+00,-7.047360000000000291e-01,2.629490000000000000e+05,-8.562720000000000553e+00,-3.014140000000000152e-01,4.259730000000000238e+00,2.629490000000000000e+05
7.203109999999999680e+00,4.193290000000000184e+00,4.186379999999999768e+00,2.640660000000000000e+05,-6.529429999999999623e+00,-4.927920000000000300e+00,-8.876560000000000006e-01,2.640660000000000000e+05
8.413109999999999644e+00,-2.476830000000000087e+00,4.072969999999999757e+00,2.643050000000000000e+05,-8.942310000000000869e+00,-2.267440000000000011e-01,3.429050000000000153e-01,2.643050000000000000e+05
7.298049999999999926e+00,-4.308360000000000412e+00,8.707500000000000240e-01,2.670460000000000000e+05,-8.197419999999999263e+00,1.531490000000000018e+00,4.378580000000000361e+00,2.670460000000000000e+05
2.397780000000000022e+00,-7.888580000000000148e+00,1.404900000000000038e+00,2.693140000000000000e+05,-3.404009999999999980e+00,7.756929999999999659e+00,4.936790000000000234e+00,2.693140000000000000e+05
-7.172450000000000436e+00,-4.332220000000000404e+00,4.269529999999999603e+00,2.702840000000000000e+05,8.608359999999999346e+00,2.730179999999999829e+00,-3.545999999999999819e+00,2.702840000000000000e+05
7.165809999999999569e+00,-4.928819999999999979e+00,2.495639999999999858e+00,2.703520000000000000e+05,-8.093709999999999738e+00,1.335609999999999964e+00,2.242269999999999985e+00,2.703520000000000000e+05
8.838250000000000384e+00,-6.890989999999999616e-02,-3.363610000000000211e-01,2.709520000000000000e+05,-8.037829999999999586e+00,-3.631310000000000038e+00,4.803519999999999790e+00,2.709520000000000000e+05
-6.567630000000000301e+00,6.026600000000000179e+00,8.917869999999999964e-01,2.710650000000000000e+05,3.264670000000000183e+00,-7.915890000000000093e+00,1.199330000000000007e+00,2.710650000000000000e+05
-2.360599999999999810e+00,8.005349999999999966e+00,-4.314269999999999605e+00,2.722680000000000000e+05,6.267310000000000159e+00,-5.616290000000000227e+00,4.106969999999999565e+00,2.722680000000000000e+05
6.957609999999999850e+00,-4.317169999999999952e+00,4.660249999999999559e+00,2.728600000000000000e+05,-8.426190000000000069e+00,7.167299999999999782e-01,1.290550000000000030e-02,2.728600000000000000e+05
8.121460000000000790e+00,1.521330000000000071e+00,5.598349999999999715e-01,2.733440000000000000e+05,-5.046470000000000233e+00,-6.627950000000000230e+00,6.184120000000000061e+00,2.733440000000000000e+05
2.729130000000000056e+00,7.590760000000000396e+00,4.191749999999999865e+00,2.735720000000000000e+05,-2.448760000000000048e+00,-8.216570000000000817e+00,1.704839999999999911e+00,2.735720000000000000e+05
-1.690889999999999893e-01,-8.678079999999999572e+00,2.486110000000000042e+00,2.746060000000000000e+05,-3.856720000000000148e+00,7.373800000000000132e+00,2.815269999999999939e+00,2.746060000000000000e+05
-6.721479999999999677e+00,5.878309999999999924e+00,2.083009999999999806e+00,2.751860000000000000e+05,3.504570000000000185e+00,-7.597159999999999691e+00,2.855719999999999814e+00,2.751860000000000000e+05
4.221339999999999648e+00,-7.236919999999999575e+00,3.306820000000000093e+00,2.762210000000000000e+05,-7.365050000000000097e+00,4.109960000000000058e+00,1.790259999999999962e+00,2.762210000000000000e+05
-7.816060000000000230e+00,-2.604309999999999903e+00,9.214949999999999530e-01,2.763000000000000000e+05,8.897059999999999746e+00,-4.459799999999999875e-01,4.274899999999999700e+00,2.763000000000000000e+05
5.506920000000000037e+00,7.163129999999999775e+00,-1.668520000000000003e+00,2.768380000000000000e+05,-5.050279999999999880e+00,-6.694539999999999935e+00,5.544859999999999900e+00,2.768380000000000000e+05
-2.348879999999999857e+00,-7.948319999999999830e+00,6.189210000000000100e+00,2.788750000000000000e+05,-6.465279999999999916e-01,8.912869999999999848e+00,-3.509830000000000005e+00,2.788750000000000000e+05
-6.265230000000000521e-01,-8.113089999999999691e+00,2.917079999999999895e+00,2.789770000000000000e+05,-2.658850000000000158e+00,8.059580000000000410e+00,2.213729999999999976e+00,2.789770000000000000e+05
4.673589999999999911e+00,-7.299610000000000376e+00,2.537570000000000103e-01,2.795360000000000000e+05,-6.982590000000000074e+00,4.484329999999999927e+00,4.968140000000000001e+00,2.795360000000000000e+05
5.674350000000000227e-01,8.106680000000000774e+00,1.654599999999999960e-01,2.824480000000000000e+05,-3.989349999999999952e+00,-7.173040000000000305e+00,4.347360000000000113e+00,2.824480000000000000e+05
2.082739999999999814e+00,8.607580000000000453e+00,5.630670000000000286e+00,2.827110000000000000e+05,-5.819689999999999586e+00,-6.676199999999999690e+00,2.431410000000000071e+00,2.827110000000000000e+05
-8.688069999999999737e+00,1.357429999999999914e+00,2.779240000000000155e+00,2.828690000000000000e+05,7.786819999999999631e+00,-3.512630000000000141e+00,2.160439999999999916e+00,2.828690000000000000e+05
-1.235460000000000003e+00,-8.452270000000000394e+00,2.635089999999999932e+00,2.834760000000000000e+05,-2.845180000000000042e+00,8.404519999999999769e+00,2.209020000000000206e+00,2.834760000000000000e+05
-4.528749999999999609e+00,6.917699999999999960e+00,4.703550000000000231e-01,2.838320000000000000e+05,1.026380000000000070e+00,-8.459709999999999397e+00,5.395190000000000374e+00,2.838320000000000000e+05
-8.150410000000000155e-01,8.555410000000000181e+00,3.632789999999999964e+00,2.848350000000000000e+05,-3.478990000000000027e+00,-7.367779999999999774e+00,1.689380000000000104e+00,2.848350000000000000e+05
-8.394610000000000127e+00,-2.373520000000000074e+00,3.392640000000000100e+00,2.850060000000000000e+05,7.195009999999999906e+00,3.786620000000000097e+00,2.476420000000000066e+00,2.850060000000000000e+05
-7.042069999999999830e+00,4.306939999999999991e+00,5.952139999999999986e+00,2.852990000000000000e+05,5.141479999999999606e+00,-6.366460000000000008e+00,-1.550899999999999945e+00,2.852990000000000000e+05
-1.991549999999999931e+00,8.062430000000000874e+00,-3.613890000000000158e-01,2.856660000000000000e+05,-1.952960000000000029e+00,-8.298099999999999810e+00,6.300229999999999997e+00,2.856660000000000000e+05
-4.393089999999999939e+00,6.961780000000000079e+00,3.129360000000000142e+00,2.857460000000000000e+05,-2.724849999999999994e+00,-7.599400000000000155e+00,2.933549999999999880e+00,2.857460000000000000e+05
6.920569999999999666e+00,-4.420899999999999608e+00,4.027070000000000149e+00,2.875040000000000000e+05,-7.798359999999999737e+00,3.388209999999999944e+00,2.052509999999999835e+00,2.875040000000000000e+05
-5.379579999999999806e+00,-7.379249999999999865e+00,2.778570000000000206e+00,2.877070000000000000e+05,2.402089999999999836e+00,8.327260000000000773e+00,2.812359999999999971e+00,2.877070000000000000e+05
2.606959999999999944e+00,8.585729999999999862e+00,3.773789999999999978e+00,2.877910000000000000e+05,-6.184309999999999974e+00,-6.422329999999999650e+00,2.478369999999999962e+00,2.877910000000000000e+05
-3.257859999999999978e+00,8.120430000000000703e+00,3.083670000000000133e+00,2.885380000000000000e+05,2.033809999999999896e+00,-8.086360000000000881e+00,5.571720000000000006e+00,2.885380000000000000e+05
-8.158459999999999823e+00,-2.952119999999999855e+00,4.813729999999999620e+00,2.897520000000000000e+05,6.136700000000000266e+00,5.825090000000000323e+00,-3.555110000000000214e-02,2.897520000000000000e+05
-2.888520000000000199e+00,8.312419999999999476e+00,5.778380000000000294e+00,2.916030000000000000e+05,6.115439999999999765e-01,-8.149680000000000035e+00,-6.870239999999999680e-01,2.916030000000000000e+05
-6.977089999999999570e+00,-5.371389999999999887e+00,5.909110000000000085e+00,2.923810000000000000e+05,4.159440000000000026e+00,7.127550000000000274e+00,2.368860000000000132e-01,2.923810000000000000e+05
8.088319999999999510e+00,1.532080000000000108e+00,5.641600000000000392e+00,2.930050000000000000e+05,-8.191480000000000317e+00,1.525830000000000020e+00,1.010089999999999932e+00,2.930050000000000000e+05
8.601229999999999265e+00,2.556760000000000144e+00,6.296649999999999636e+00,2.932870000000000000e+05,-8.773120000000000474e+00,9.007560000000000011e-01,1.435990000000000044e-01,2.932870000000000000e+05
3.193789999999999907e+00,-7.575650000000000439e+00,-1.344340000000000090e+00,2.941300000000000000e+05,-3.920319999999999805e+00,7.680629999999999846e+00,3.374159999999999826e+00,2.941300000000000000e+05
-6.726119999999999877e+00,5.083289999999999864e+00,6.237980000000000302e+00,2.959390000000000000e+05,7.957110000000000127e+00,-3.208029999999999937e+00,-2.504469999999999974e+00,2.959390000000000000e+05
-1.579409999999999981e+00,-8.779460000000000264e+00,5.916909999999999670e-01,2.976000000000000000e+05,6.586319999999999952e-01,8.467340000000000089e+00,3.849110000000000031e+00,2.976000000000000000e+05
2.937179999999999791e-01,8.300910000000000011e+00,4.131710000000000105e-01,2.983850000000000000e+05,-1.373439999999999994e+00,-8.746130000000000848e+00,5.146969999999999601e+00,2.983850000000000000e+05
