,Xs,Ys,Zs
0,1.4425391332148445,1.6798564694782332,-3.0034541975398494
1,1.321125199965604,1.516375995090331,-3.0151162617676968
2,1.2163424344651281,1.3669890539789342,-3.0231176704401608
3,1.1274899403070922,1.231170383540852,-3.0276145381871293
4,1.0538668210851714,1.1083947211728935,-3.028762979638494
5,0.994772180393042,0.9981368042718688,-3.0267191094241443
6,0.9495051218243779,0.8998713702345859,-3.0216390421739683
7,0.917364748972855,0.813073156457855,-3.0136788925178593
8,0.8976501654321489,0.7372169003384853,-3.0029947750857047
9,0.8896604747959344,0.6717773392732862,-2.989742804507395
10,0.8926947806578872,0.6162292106590666,-2.974079095412821
11,0.9060521866116822,0.5700472518926359,-2.9561597624318705
12,0.9290317962509951,0.5327062003708034,-2.9361409201944357
13,0.9609327131695009,0.5036807934903788,-2.914178683330406
14,1.001054040960875,0.4824457686481705,-2.89042916646967
15,1.0486948832187928,0.46847586324098855,-2.8650484842421196
16,1.1031543435369295,0.4612458146656422,-2.8381927512776435
17,1.1637315255089606,0.4602303603189402,-2.810018082206132
18,1.229725532728561,0.46490423759769245,-2.7806805916574744
19,1.3004354687894062,0.47474218389870787,-2.7503363942615615
20,1.3751604372851718,0.4892189366187959,-2.7191416046482826
21,1.4531995418095325,0.5078092331547657,-2.687252337447528
22,1.5338518859561645,0.5299878109034266,-2.6548247072891877
23,1.6164165733187414,0.5552294072615881,-2.6220148288031506
24,1.7001927074909404,0.5830087596260591,-2.5889788166193086
25,1.7844793920664361,0.6128006053936494,-2.55587278536755
26,1.8685757306389037,0.6440796819611677,-2.5228528496777654
27,1.951780826802018,0.6763207267254236,-2.4900751241798433
28,2.033393784149456,0.7089984770832266,-2.4576957235036767
29,2.1127137062748913,0.7415876704313857,-2.425870762279153
30,2.1890396967719994,0.7735630441667103,-2.394756355136163
31,2.2616708592344557,0.8043993356860093,-2.364508616704595
32,2.3299062972559357,0.8335712823860926,-2.335283661614341
33,2.3931604999359957,0.8606359260683901,-2.3072118519947513
34,2.451385782555933,0.8855339395921497,-2.280303514369924
35,2.504691038486552,0.9083176828637491,-2.254534029130095
36,2.553185178908832,0.9290395284935554,-2.2298787726905056
37,2.5969771150037597,0.9477518490919359,-2.2063131214663967
38,2.636175757952316,0.9645070172692579,-2.1838124518730107
39,2.670890018935484,0.979357405635888,-2.162352140325588
40,2.701228809134248,0.9923553868021945,-2.141907563239371
41,2.7273010397295865,1.0035533333785431,-2.1224540970295993
42,2.7492156219024872,1.0130036179753026,-2.103967118111517
43,2.7670814668339307,1.0207586132028392,-2.086422002900363
44,2.7810074857049,1.0268706916715205,-2.0697941278113796
45,2.791102589696378,1.0313922259917134,-2.0540588692598085
46,2.797475689989346,1.034375588773785,-2.0391916036608904
47,2.8002356977647915,1.0358731526281033,-2.0251677074298677
48,2.799491524203692,1.0359372901650346,-2.011962556981981
49,2.7953520804870347,1.034620373994947,-1.9995515287324725
50,2.7879262777957994,1.0319747767282073,-1.987909999096583
51,2.777323027310971,1.0280528709751826,-1.9770133444895541
52,2.76365124021353,1.0229070293462397,-1.966836941326627
53,2.7470198276844604,1.0165896244517465,-1.957356166023043
54,2.727537700904747,1.0091530289020705,-1.9485463949940443
55,2.7053137710553687,1.0006496153075777,-1.940383004654871
56,2.680456949317312,0.9911317562786363,-1.9328413714207657
57,2.653076146871558,0.9806518244256128,-1.9258968717069689
58,2.62328027489909,0.9692621923588751,-1.9195248819287227
59,2.591178244580891,0.9570152326887904,-1.9137007785012687
60,2.556878967097943,0.9439633180257254,-1.9083999378398475
61,2.5204913536312286,0.9301588209800475,-1.9035977363597003
62,2.482124315361732,0.9156541141621239,-1.8992695504760693
63,2.441886763470436,0.9005015701823222,-1.8953907566041965
64,2.3998876091383226,0.8847535616510087,-1.8919367311593214
65,2.356235763546374,0.8684624611785515,-1.8888828505566868
66,2.3110401378755756,0.8516806413753176,-1.8862044912115339
67,2.2644096433069083,0.8344604748516741,-1.8838770295391039
68,2.2164531910213543,0.8168543342179878,-1.8818758419546382
69,2.1672796921998985,0.7989145920846267,-1.8801763048733782
70,2.1169980580235226,0.7806936210619575,-1.8787537947105653
71,2.0657171996732098,0.7622437937603477,-1.877583687881441
72,2.0135460283299422,0.7436174827901642,-1.8766413608012469
73,1.9605934551747028,0.7248670607617741,-1.8759021898852235
74,1.9069683913884752,0.706044900285545,-1.8753415515486134
75,1.8527797481522414,0.687203373971844,-1.874934822206657
76,1.7981364366469859,0.6683948544310385,-1.8746573782745968
77,1.7431473680536895,0.6496717142734955,-1.8744845961676735
78,1.6879214535533356,0.6310863261095817,-1.8743918523011276
79,1.6325676043269073,0.6126910625496651,-1.8743545230902026
80,1.5771947315553876,0.5945382962041126,-1.874347984950138
81,1.5219117464197593,0.5766803996832912,-1.8743476142961761
82,1.4668275601010055,0.5591697455975687,-1.8743287875435586
83,1.4120510837801086,0.5420587065573118,-1.8742668811075263
84,1.357691228638052,0.525399655172888,-1.8741372714033209
85,1.3038569058558176,0.5092449640546642,-1.8739153348461834
86,1.2506570266143886,0.4936470058130077,-1.873576447851355
87,1.1982005020947484,0.4786581530582858,-1.8730959868340789
88,1.146596243477879,0.4643307784008657,-1.872449328209594
89,1.095953161944764,0.45071725445111466,-1.8716118483931437
90,1.0463801686763856,0.43786995381939964,-1.8705589237999678
91,0.9979861748537273,0.4258412491160882,-1.8692659308453095
92,0.9508800916577715,0.41468351295154726,-1.8677082459444083
93,0.9051708302695014,0.4044491179361443,-1.8658612455125068
94,0.8609673018698993,0.39519043668024617,-1.8637003059648454
95,0.8183784176399487,0.38695984179422044,-1.8612008037166672
96,0.7775130887606326,0.3798097058884343,-1.8583381151832123
97,0.738480226412933,0.3737924015732546,-1.855087616779723
98,0.7013887417778331,0.3689603014590489,-1.8514246849214386
99,0.6663475460363154,0.36536577815618415,-1.847324696023603
100,0.6334655503693634,0.36306120427502764,-1.8427630265014567
101,0.6028516659579597,0.3620989524259468,-1.8377150527702404
102,0.574614803983087,0.36253139521930866,-1.8321561512451965
103,0.5488638756257285,0.3644109052654804,-1.826061698341566
104,0.5257077920668666,0.3677898551748292,-1.8194070704745904
105,0.5052554644874845,0.37272061755772246,-1.8121676440595107
106,0.48761580406856486,0.3792555650245273,-1.8043187955115694
107,0.4728977219910906,0.38744707018561075,-1.7958359012460061
108,0.46120998997391166,0.3973474671624084,-1.786694358540583
109,0.452589504669373,0.4089892539066689,-1.7768803166595466
110,0.446884140363807,0.42235276174395103,-1.7664082012364557
111,0.44391106818225246,0.4374098485034123,-1.7552970308741893
112,0.4434874592497487,0.4541323720142104,-1.7435658241756278
113,0.4454304846913345,0.47249219010550336,-1.7312335997436494
114,0.449557315632049,0.49246116060644873,-1.7183193761811326
115,0.45568512319693094,0.5140111413462043,-1.7048421720909577
116,0.4636310785110194,0.5371139901539277,-1.6908210060760027
117,0.4732123526993536,0.5617415648587768,-1.676274896739148
118,0.48424611688697194,0.5878657232899088,-1.6612228626832704
119,0.4965495421989138,0.6154583232764823,-1.645683922511251
120,0.5099397997602181,0.6444912226476545,-1.629677094825968
121,0.5242340606959238,0.6749362792325835,-1.613221398230301
122,0.5392494961310696,0.706765350860426,-1.596335851327129
123,0.5548032771906948,0.7399502953603411,-1.5790394727193307
124,0.5707125749998386,0.7744629705614859,-1.561351281009785
125,0.5867945606835395,0.8102752342930184,-1.5432902948013711
126,0.6028664053668366,0.8473589443840959,-1.524875532696968
127,0.618745280174769,0.8856859586638767,-1.5061260132994558
128,0.6342483562323755,0.9252281349615178,-1.4870607552117123
129,0.6491928046646951,0.9659573311061774,-1.467698777036617
130,0.6633957965967671,1.0078454049270136,-1.4480590973770497
131,0.6766745031536298,1.0508642142531834,-1.4281607348358878
132,0.6888558256473093,1.0949811001032004,-1.408022862351834
133,0.699910374753509,1.1400966927546148,-1.387666932316473
134,0.7099184336521743,1.186060711856512,-1.3671161366970146
135,0.7189630520525898,1.232721592818611,-1.3463937113421058
136,0.7271272796640406,1.2799277710506296,-1.3255228921003919
137,0.7344941661958113,1.3275276819622879,-1.30452691482052
138,0.7411467613571868,1.3753697609633038,-1.2834290153511358
139,0.7471681148574524,1.423302443463397,-1.2622524295408861
140,0.7526412764058925,1.4711741648722851,-1.241020393238417
141,0.7576492957117918,1.518833360599686,-1.2197561422923746
142,0.762275222484436,1.5661284660553219,-1.198482912551405
143,0.7666021064331093,1.6129079166489095,-1.1772239398641549
144,0.770712997267097,1.6590201477901685,-1.1560024600792704
145,0.7746909446956833,1.7043135948888157,-1.134841709045397
146,0.7786189984281537,1.7486366933545727,-1.113764922611182
147,0.782580208173793,1.791837878597156,-1.0927953366252718
148,0.7866576236418859,1.8337655860262856,-1.0719561869363117
149,0.7909342945417173,1.8742682510516797,-1.0512707093929488
150,0.7954932705825719,1.9131943090830572,-1.0307621398438287
151,0.8004176014737351,1.9503921955301378,-1.0104537141375984
152,0.8057903369244912,1.9857103458026393,-0.9903686681229037
153,0.8116945266441256,2.018997195310281,-0.9705302376483909
154,0.8182132203419227,2.0501011794627813,-0.9509616585627065
155,0.8254294677271674,2.0788707336698584,-0.9316861667144961
156,0.8334263185091451,2.1051542933412333,-0.9127269979524072
157,0.84228682239714,2.128800293886622,-0.8941073881250848
158,0.8520940291004375,2.149657170715746,-0.8758505730811761
159,0.862930988328322,2.167573359238322,-0.8579797886693266
160,0.8748807497900789,2.18239729486407,-0.8405182707381833
161,0.8880263631949927,2.1939774130027083,-0.8234892551363918
162,0.9024508782523484,2.2021621490639562,-0.8069159777125987
163,0.9182373446714309,2.206799938457532,-0.7908216743154506
164,0.9354688121615251,2.2077392165931546,-0.775229580793593
165,0.9542283304319158,2.204828418880543,-0.760162932995673
166,0.9745989491918876,2.197915980729415,-0.7456449667703361
167,0.9966637181507254,2.1868503375494917,-0.7316989179662295
168,1.0205056870177147,2.1714799247504897,-0.7183480224319984
169,1.0462077954789495,2.151653322631182,-0.7056155002517067
170,1.0737637153647728,2.1273366679353813,-0.6935117808377493
171,1.1029167988403161,2.0988257422686263,-0.6820114267541125
172,1.1333668507078989,2.066473674566239,-0.6710827609165343
173,1.1648136757698422,2.030633593763543,-0.6606941062407533
174,1.1969570788284658,1.9916586287958606,-0.6508137856425077
175,1.2294968646860902,1.9499019085985154,-0.6414101220375358
176,1.262132838145035,1.9057165621068297,-0.6324514383415757
177,1.294564804007621,1.859455718256127,-0.6239060574703659
178,1.326492567076168,1.8114725059817298,-0.6157423023396444
179,1.3576159321529966,1.7621200542189621,-0.6079284958651499
180,1.3876347040404267,1.7117514919031456,-0.6004329609626203
181,1.4162486875407785,1.660719947969604,-0.5932240205477943
182,1.4431576874563716,1.6093785513536594,-0.5862699975364095
183,1.4680615085895277,1.5580804309906353,-0.5795392148442047
184,1.4906599557425653,1.5071787158158552,-0.5729999953869179
185,1.5106528337178053,1.457026534764641,-0.5666206620802875
186,1.5277399473175683,1.4079770167723162,-0.5603695378400518
187,1.5416211013441743,1.360383290774204,-0.5542149455819492
188,1.551996100599943,1.314598485705627,-0.5481252082217176
189,1.5585647498871946,1.2709757305019074,-0.5420686486750954
190,1.5610268540082495,1.2298681540983696,-0.5360135898578211
191,1.5590822177654287,1.191628885430336,-0.5299283546856328
192,1.552430645961051,1.15661105343313,-0.5237812660742689
193,1.5407719433974374,1.125167787042073,-0.5175406469394674
194,1.523805914876908,1.0976522151924895,-0.5111748201969669
195,1.5012445165288753,1.0744069743449998,-0.5046527345694564
196,1.4731274012304405,1.055491740110871,-0.49796021552905007
197,1.4398511792602997,1.0406579611499234,-0.4911014722537258
198,1.4018304777778703,1.029641528836446,-0.4840816418109924
199,1.3594799239425701,1.022178334544727,-0.4769058612683581
200,1.3132141449138162,1.018004269649055,-0.4695792676933313
201,1.2634477678510267,1.0168552255237187,-0.4621069981534207
202,1.2105954199136186,1.0184670935430065,-0.45449418971613464
203,1.1550717282610097,1.0225757650812068,-0.4467459794489816
204,1.0972913200526169,1.0289171315126087,-0.4388675044194702
205,1.037668822447858,1.0372270842115,-0.4308639016951086
206,0.9766188626061513,1.04724151455217,-0.42274030834340554
207,0.9145560676869134,1.0586963139089067,-0.4145018614318694
208,0.851895064849562,1.0713273736559994,-0.40615369802800866
209,0.7890504812535146,1.0848705851677358,-0.3977009551993318
210,0.7264369440581889,1.0990618398184049,-0.3891487700133474
211,0.6644690804230018,1.1136370289822952,-0.38050227953756366
212,0.6035615175073717,1.1283320440336955,-0.37176662083948936
213,0.5441288824707154,1.142882776346894,-0.3629469309866328
214,0.48658580247245087,1.1570251172961792,-0.3540483470465024
215,0.4313469046719952,1.1704949582558397,-0.3450760060866067
216,0.37882681622876624,1.1830281906001645,-0.33603504517445437
217,0.3294401643021812,1.1943607057034418,-0.32693060137755364
218,0.2836015760516588,1.20422839493996,-0.3177678117634133
219,0.24172567863661426,1.212367149684008,-0.3085518133995413
220,0.20422709921646628,1.2185128613098746,-0.2992877433534465
221,0.1715204649506324,1.222401421191848,-0.2899807386926372
222,0.14402040299852972,1.2237687207042167,-0.28063593648462193
223,0.12214154051957654,1.2223506512212692,-0.27125847379690915
224,0.10629377950246097,1.2178859393933343,-0.26185339460136053
225,0.09661210683877315,1.2102782710293807,-0.2524203264732082
226,0.09281026109491083,1.1996840964101563,-0.2429505975234764
227,0.09456630770509698,1.1862812710063444,-0.23343483302862347
228,0.10155831210355475,1.1702476502886292,-0.22386365826510793
229,0.11346433972450762,1.1517610897276938,-0.2142276985093881
230,0.12996245600217823,1.1309994447942218,-0.20451757903792245
231,0.15073072637079005,1.1081405709588963,-0.19472392512716943
232,0.17544721626456616,1.0833623236924017,-0.18483736205358742
233,0.20378999111772952,1.0568425584654206,-0.1748485150936348
234,0.23543711636450337,1.028759130748638,-0.1647480095237701
235,0.27006665743911096,0.999289896012736,-0.15452647062045172
236,0.3073566797757752,0.9686127097283989,-0.1441745236601381
237,0.3469852488087195,0.9369054273663096,-0.13368279391928758
238,0.3886304299721668,0.9043459043971525,-0.12304190667435867
239,0.43197028870034015,0.8711119962916103,-0.11224248720180972
240,0.4766828904274629,0.8373815585203673,-0.10127516077809928
241,0.522446300587758,0.8033324465541068,-0.09013055267968563
242,0.5689385846154489,0.7691425158635122,-0.07879928818302731
243,0.6158378079447584,0.734989621919267,-0.06727199256458266
244,0.6628220360099084,0.7010516201920559,-0.05553929110081049
245,0.7095693342451247,0.6675063661525604,-0.04359180906816856
246,0.755757768084629,0.6345317152714652,-0.031420171743115614
247,0.8010654029626444,0.6023055230194537,-0.01901500440211009
248,0.8451703043133947,0.5710056448672093,-0.006366932321610397
249,0.8877505375711019,0.540809936285416,0.006533419221925005
250,0.9284841681699904,0.5118962527447568,0.019695424952037785
251,0.9670492615442824,0.48444244971591555,0.03312845959226942
252,1.003123883128201,0.4586263826695759,0.04684189786616146
253,1.0363860983559696,0.434625907076421,0.06084511449725558
254,1.066513972661812,0.41261887840713485,0.07514748420909334
255,1.0931917480519033,0.3927795813321517,0.08975806227549007
256,1.116306581495899,0.3751649913077299,0.104675409292953
257,1.1359895205721275,0.3596910857328223,0.11988547193739603
258,1.1523860715700522,0.34626548313519817,0.13537344908622131
259,1.165641740779135,0.334795802042626,0.15112453961683117
260,1.1759020344888391,0.3251896609828751,0.16712394240662812
261,1.183312458988626,0.31735467848371435,0.18335685633301432
262,1.188018520567959,0.31119847307291254,0.19980848027339218
263,1.1901657255163005,0.3066286632782387,0.216464013105164
264,1.189899580123113,0.30355286762746164,0.23330865370573217
265,1.1873655906778586,0.3018787046483505,0.25032760095249895
266,1.1827092634700003,0.30151379286867414,0.26750605372286673
267,1.1760761047890003,0.30236575081620143,0.2848292108942378
268,1.1676116209243212,0.3043421970187013,0.3022822713440145
269,1.157461318165426,0.30735075000394285,0.31985043394959917
270,1.1457707028017763,0.31129902829969486,0.33751889758839404
271,1.1326852811228354,0.3160946504337263,0.3552728611378017
272,1.1183505594180652,0.32164523493380626,0.3730975234752243
273,1.102912043976929,0.3278584003277034,0.3909780834780642
274,1.0865152410888885,0.3346417651431869,0.4088997400237236
275,1.0693056570434065,0.34190294790802545,0.426847691989605
276,1.0514287981299457,0.34954956714998825,0.4448071382531107
277,1.0330301706379683,0.357489241396844,0.46276327769164294
278,1.0142552808569374,0.36562958917636196,0.48070130918260434
279,0.9952496350763149,0.3738782290163108,0.4986064316033969
280,0.9761587395855637,0.3821427794444595,0.5164638438314232
281,0.9571281006741459,0.39033085898857695,0.5342587447440852
282,0.9383032246315253,0.3983500861764319,0.5519763332187847
283,0.9198296177471623,0.40610807953579375,0.5696018081329257
284,0.9018527863105205,0.41351245759443145,0.5871203683639096
285,0.8845182366110622,0.42047083888011366,0.6045172127891388
286,0.8679714749382504,0.42689084192060944,0.6217775402860157
287,0.8523580075815472,0.4326800852436876,0.6388865497319424
288,0.8378233408304152,0.43774618737711724,0.6558294400043214
289,0.8245129809743171,0.4419967668486672,0.6725914099805551
290,0.812572434302715,0.4453394421861062,0.6891576585380457
291,0.8021472071050718,0.4476818319172038,0.7055133845541955
292,0.79338280567085,0.44893155456972833,0.7216437869064072
293,0.7864247362895118,0.4489962286714489,0.7375340644720824
294,0.7814185052505199,0.4477834727501345,0.753169416128624
295,0.7785096188433369,0.445200905333554,0.768535040753434
296,0.7778433919897123,0.44115629048846317,0.7836161529424485
297,0.7794994731109125,0.435607332973251,0.7984033609970284
298,0.783396184739006,0.4286344291230719,0.8129005241808589
299,0.7894275232804316,0.4203364757798799,0.8271134998533797
300,0.7974874851416285,0.41081236978562913,0.8410481453740305
301,0.8074700667290351,0.400161007982273,0.8547103181022498
302,0.8192692644490912,0.3884812872117662,0.8681058753974777
303,0.8327790747082353,0.3758721043160623,0.8812406746191537
304,0.847893493912906,0.3624323561371153,0.8941205731267163
305,0.8645065184695434,0.34826093951687925,0.9067514282796059
306,0.8825121447845851,0.33345675129730834,0.9191390974372613
307,0.9018043692644712,0.31811868832035606,0.9312894379591221
308,0.9222771883156401,0.3023456474279768,0.9432083072046277
309,0.9438245983445306,0.2862365254621247,0.9549015625332173
310,0.9663405957575824,0.26989021926475326,0.9663750613043305
311,0.9897191769612338,0.25340562567781666,0.9776346608774068
312,1.013854338361924,0.2368816415432689,0.9886862186118852
313,1.0386400763660921,0.220417163703064,0.9995355918672052
314,1.063970387380177,0.2041110889991559,1.0101886380028064
315,1.0897392678106175,0.18806231427349865,1.0206512143781283
316,1.1158407140638527,0.1723697363680461,1.0309291783526098
317,1.1421687225463215,0.15713225212475235,1.0410283872856905
318,1.1686172896644633,0.14244875838557136,1.0509546985368101
319,1.1950804118247165,0.1284181519924571,1.0607139694654075
320,1.2214520854335202,0.11513932978736356,1.0703120574309224
321,1.247626306897313,0.10271118861224467,1.079754819792794
322,1.273497072622535,0.09123262530905456,1.0890481139104622
323,1.2989583790156245,0.08080253671974692,1.0981977971433654
324,1.3239042224830204,0.07151981968627602,1.1072097268509442
325,1.3482285994311614,0.06348337105059576,1.116089760392637
326,1.3718255062664872,0.05679208765466015,1.1248437551278838
327,1.394588939395436,0.05154486634042296,1.1334775684161233
328,1.4164128952244477,0.047840603949838495,1.1419970576167957
329,1.4371913701599606,0.04577819732486066,1.1504080800893401
330,1.4568183606084135,0.04545654330744328,1.1587164931931955
331,1.4751878629762463,0.046974538739540384,1.1669281542878018
332,1.4921938736698968,0.050431080463106126,1.1750489207325985
333,1.5077303890958038,0.055925065320093836,1.1830846498870238
334,1.521691405660408,0.06355539015245848,1.1910411991105188
335,1.5339709197701474,0.0734209518021533,1.1989244257625216
336,1.544462927831461,0.08562064711113276,1.2067401872024728
337,1.5530614262507876,0.1002533729213505,1.2144943407898106
338,1.559660411434566,0.11741802607476076,1.2221927438839744
339,1.564153879789236,0.1372135034133174,1.2298412538444046
340,1.5664647941519607,0.15970791242194218,1.2374449948834
341,1.5666444874187757,0.18483291189388415,1.2450058421370305
342,1.5647798412487433,0.21248237469124662,1.2525247709938554
343,1.5609577385799847,0.24255017231658063,1.2600027568100602
344,1.5552650623506215,0.27493017627243566,1.2674407749418308
345,1.5477886954987754,0.30951625806136296,1.2748398007453536
346,1.5386155209625667,0.3462022891859125,1.2822008095768131
347,1.527832421680118,0.38488214114863484,1.2895247767923967
348,1.5155262805895506,0.42544968545208023,1.2968126777482891
349,1.5017839806289852,0.4677987935987993,1.3040654878006763
350,1.4866924047365442,0.511823337091342,1.3112841823057446
351,1.4703384358503473,0.5574171874322591,1.318469736619679
352,1.4528089569085174,0.604474216124101,1.325623126098666
353,1.4341908508491756,0.6528882946694178,1.332745326098891
354,1.4145710006104433,0.7025532945707602,1.3398373119765399
355,1.3940362891304414,0.7533630873306788,1.3469000590877984
356,1.3726735993472925,0.8052115444517234,1.3539345427888534
357,1.350569814199116,0.8579925374364445,1.3609417384358884
358,1.3278118166240351,0.9115999377873928,1.3679226213850912
359,1.304486489560171,0.9659276170071188,1.3748781669926473
360,1.2806807159456441,1.0208694465981725,1.3818093506147417
361,1.256481378718577,1.0763192980631042,1.388717147607561
362,1.23197536081709,1.1321710429044651,1.3956025333272908
363,1.2072495451793048,1.1883185526248046,1.4024664831301161
364,1.1823908147433433,1.2446556987266741,1.4093099723722242
365,1.1574860524473265,1.3010763527126223,1.4161339764097993
366,1.1326221412293764,1.3574743860852014,1.4229394705990288
367,1.1078859640276137,1.4137436703469621,1.429727430296098
368,1.0833644037801597,1.4697780770004523,1.4364988308571915
369,1.0591443434251357,1.5254714775482245,1.4432546476384962
370,1.0353126659006644,1.5807177434928283,1.449995855996198
371,1.011956254144866,1.635410746336815,1.4567234312864827
372,0.9891619910958622,1.6894443575827338,1.4634383488655354
373,0.9670167596917743,1.7427124487331358,1.4701415840895427
374,0.9456074428707238,1.795108891290571,1.4768341123146898
375,0.9250209235708322,1.8465275567575905,1.4835169088971631
376,0.9053440847302208,1.8968623166367433,1.4901909491931473
377,0.8866638092870109,1.9460070424305815,1.4968572085588296
378,0.8690669801793244,1.993855605641654,1.5035166623503955
379,0.8526404803452821,2.040301877772512,1.51017028592403
380,0.8374711927230054,2.085239730325706,1.5168190546359195
381,0.823646000250616,2.1285630348037863,1.5234639438422495
382,0.8112517858662356,2.1701656627093038,1.5301059288992065
383,0.8003752306856357,2.2099416540640346,1.5367459860409445
384,0.7910628003361857,2.247818628337634,1.5433852664473626
385,0.7832724651954612,2.2837980974662107,1.5500253062711125
386,0.7769504101142825,2.317891414158595,1.5566676929343388
387,0.7720428199434681,2.350109931123619,1.563314013859187
388,0.7684958795338378,2.3804650010701156,1.5699658564678027
389,0.7662557737362108,2.408967976706916,1.5766248081823309
390,0.765268687401406,2.4356302107428527,1.583292456424917
391,0.765480805380243,2.4604630558867586,1.5899703886177066
392,0.7668383125235405,2.483477864847464,1.5966601921828438
393,0.7692873936821184,2.504685990333803,1.6033634545424755
394,0.7727742337067957,2.5240987850546075,1.6100817631187465
395,0.7772450174483911,2.5417276017187076,1.616816705333801
396,0.7826459297577248,2.5575837930349388,1.6235698686097857
397,0.7889231554856152,2.5716787117121296,1.630342840368845
398,0.796022879482882,2.5840237104591144,1.6371372080331243
399,0.8038912866003443,2.5946301419847257,1.6439545590247697
400,0.8124745616888213,2.603509358997795,1.6507964807659259
401,0.8217188895991322,2.6106727142071535,1.657664560678738
402,0.8315704551820964,2.6161315603216355,1.6645603861853517
403,0.8419754432885328,2.619897250050071,1.6714855447079113
404,0.8528800387692609,2.621981136101293,1.6784416236685635
405,0.8642304264751004,2.6223945711841345,1.6854302104894534
406,0.8759727912568694,2.6211489080074264,1.6924528925927256
407,0.8880533179653883,2.618255499280002,1.6995112574005256
408,0.9004181914514754,2.613725697710692,1.7066068923349988
409,0.9130135965659505,2.607570856008329,1.7137413848182903
410,0.9257857181596327,2.5998023268817465,1.7209163222725457
411,0.9386807410833414,2.590431463039776,1.7281332921199106
412,0.9516448501878955,2.579469617191249,1.7353938817825296
413,0.9646242303241142,2.5669281420449974,1.742699678682548
414,0.9775650663428174,2.552818390309855,1.7500522702421117
415,0.9904135430948232,2.537151714694652,1.7574532438833654
416,1.003115845430952,2.5199394679082223,1.764904187028455
417,1.0156181582020223,2.501193002659397,1.7724066870995252
418,1.0278666662588534,2.480923671657008,1.7799623315187212
419,1.0398075544522651,2.459142827609889,1.7875727077081898
420,1.0513870076330762,2.4358618232268707,1.7952394030900742
421,1.0625512106521056,2.4110920112167857,1.8029640050865208
422,1.0732463483601729,2.3848447442884657,1.8107481011196744
423,1.0834186056080974,2.357131375150744,1.8185932786116807
424,1.0930141672466986,2.3279632565124517,1.8265011249846852
425,1.1019792181267956,2.297351741082422,1.8344732276608333
426,1.1102599430992068,2.2653081815694858,1.8425111740622695
427,1.1178025270147522,2.2318439306824764,1.8506165516111395
428,1.1245531547242509,2.196970341130225,1.858790947729588
429,1.1304580110785223,2.160698765621564,1.867035949839762
430,1.1354632809283853,2.1230405568653268,1.875353145363805
431,1.1395151491246598,2.084007067570344,1.8837441217238635
432,1.142559800518164,2.043609650445448,1.8922104663420818
433,1.144543419959718,2.0018596581994714,1.900753766640606
434,1.1454121923001404,1.958768443541246,1.9093756100415806
435,1.1451123023902512,1.9143473591796047,1.9180775839671522
436,1.143589935080869,1.8686077578233815,1.9268612758394643
437,1.1407912752228127,1.8215609921814035,1.9357282730806633
438,1.1366625076669028,1.773218414962506,1.944680163112895
439,1.1311498172639576,1.7235913788755202,1.9537185333583034
440,1.1241993888647968,1.6726912366292797,1.9628449712390355
441,1.1157574073202388,1.6205293409326145,1.9720610641772343
442,1.1057700574811038,1.567117044494359,1.9813683995950473
443,1.0941835241982105,1.512465700023344,1.9907685649146183
444,1.080943992322378,1.4565866602284019,2.000263147558093
445,1.065997646704426,1.3994912778183648,2.009853734947617
446,1.0492906721951738,1.3411909055020657,2.019541914505336
447,1.0307692536454398,1.2816968959883357,2.029329273653394
448,1.0103795759060448,1.2210206019860077,2.039217399813938
449,0.988067823827806,1.159173376203913,2.049207880409111
450,0.9637801822615443,1.0961665713508848,2.0593023028610604
451,0.9374628360580779,1.0320115401357541,2.06950225459193
452,0.9090619700682269,0.9667196352673544,2.079809323023867
453,0.8785237691428097,0.9003022094545169,2.0902250955790147
454,0.8458497605230968,0.8328238549650219,2.1007485486370725
455,0.8118767786866309,0.7651527323347133,2.1113392489564315
456,0.7780883926189996,0.698779162791884,2.1219262504961907
457,0.7459850234727622,0.6352096794040619,2.13243781213372
458,0.7170670924004788,0.5759508152387759,2.142802192746395
459,0.6928350205547091,0.5225091033635548,2.152947651211587
460,0.6747892290880129,0.4763910768459268,2.1628024464066686
461,0.6641139899486433,0.4387816869965743,2.1723186910510837
462,0.6607005392182956,0.409550630366817,2.1815460589934346
463,0.664109585088872,0.38823139598937856,2.1905591628137038
464,0.6739018356205847,0.3743574727630289,2.199432615101812
465,0.6896379988736463,0.3674623495865385,2.2082410284476808
466,0.7108787829082688,0.36707951535867744,2.21705901544123
467,0.7371848957846644,0.372742458978216,2.2259611886723807
468,0.7681170455630453,0.38398466934392433,2.2350221607310523
469,0.8032359403036238,0.4003396353545725,2.2443165442071673
470,0.842102288066612,0.42134084590893095,2.253918951690644
471,0.884276796912222,0.4465217899057696,2.263903995771405
472,0.9293201749006664,0.4754159562438589,2.27434628903937
473,0.9767931300921574,0.5075568338219689,2.2853204440844594
474,1.0262563705469068,0.54247791153887,2.296901073496594
475,1.077270604325127,0.5797126782933318,2.309162789865694
476,1.1293965394870302,0.6187946229841254,2.322180205781681
477,1.1821948840928287,0.6592572345100202,2.3360279338344734
478,1.2352263462027349,0.7006340017697867,2.350780586613994
479,1.2880516338769603,0.7424584136621953,2.3665127767101626
480,1.3402314551757173,0.7842639590860158,2.383299116712899
481,1.3913265181592191,0.8255841269400188,2.4012142192121253
482,1.4408975308876768,0.8659524061229742,2.42033269679776
483,1.4885052014213036,0.9049022855336524,2.4407291620597262
484,1.5337102378203102,0.9419672540708234,2.4624782275879427
485,1.5760733481449107,0.9766808006332574,2.48565450597233
486,1.6151552404553156,1.0085764141197247,2.510332609802809
487,1.6505166228117363,1.0371875834289939,2.5365871516692997
488,1.6817182032743885,1.0620477974598388,2.5644927441617247
489,1.7083206899034824,1.0826905451110274,2.5941239998700025
490,1.729884790759231,1.0986493152813301,2.6255555313840553
491,1.745971213901845,1.109457596869517,2.6588619512938014
492,1.7561406673915378,1.1146488787743585,2.6941178721891634
493,1.759953859288521,1.1137566498946245,2.7313979066600615
494,1.7569714976530073,1.1063143991290854,2.7707766672964156
495,1.746754290545209,1.0918556153765115,2.8123287666881467
496,1.7288629460253373,1.0699137875356728,2.856128817425175
497,1.7028581721536054,1.0400224045053394,2.9022514320974206
498,1.668300676990225,1.0017149551842819,2.9507712232948062
499,1.6247511685954061,0.9545249284712672,3.001762803607253
